{
    "answers": {
        "phase": "requirements specification",
        "action": "problem understanding",
        "scope": "data management",
        "action experience": 4,  
        "language":  "n/a",  
        "other language": "none",
        "aimodel": "chatgpt",  
        "aimodel version": "4.0",  
        "open source aimodel": "n/a",  
        "tool option": "online full",  
        "experience with tool":3,  
        "time allocated (h)": "0.2",  
        "time saved estimate (h)": "1", 
        "quality of ai help": 4,  
        "knowledge acquired": 4,  
        "generic feeling - now": 4,  
        "generic feeling - future": 4,  
        "threat level": 1,  
        "notes": "Provided a comprehensive list of data management requirements, including data storage, security, backup, and data consistency." 
    }
}
