-- PostgreSQL 17.2 dump

\connect "tolls";

DROP TABLE IF EXISTS "operator";
CREATE TABLE "public"."operator" (
    "id" character varying(5) NOT NULL,
    "name" character varying NOT NULL,
    "road" character varying NOT NULL,
    "email" character varying NOT NULL,
    CONSTRAINT "PK_8b950e1572745d9f69be7748ae8" PRIMARY KEY ("id")
) WITH (oids = false);

TRUNCATE "operator";
INSERT INTO "operator" ("id", "name", "road", "email") VALUES
('AM',	'aegeanmotorway',	'Α/Δ Αθηνών-Θεσσαλονίκης',	'customercare@aegeanmotorway.gr'),
('EG',	'egnatia',	'Ακτίου-Πρέβεζας',	'eoae@egnatia.gr'),
('GE',	'gefyra',	'Α/Δ Αντιρρίου-Ιωαννίνων',	'info@gefyra.gr'),
('KO',	'kentrikiodos',	'Α/Δ Λαμίας-Τρικάλων',	'customercare@kentrikiodos.gr'),
('MO',	'moreas',	'Α/Δ Μορέας',	'info@moreas.com.gr'),
('NAO',	'naodos',	'Περιφ. Υμηττού',	'customercare@attikesdiadromes.gr'),
('NO',	'neaodos',	'Α/Δ Αντιρρίου-Ιωαννίνων',	'info@neaodos.gr'),
('OO',	'olympiaodos',	'Α/Δ Αθηνών-Κορίνθου',	'customercare@olympiaoperation.gr');

DROP TABLE IF EXISTS "pass";
DROP SEQUENCE IF EXISTS pass_id_seq;
CREATE SEQUENCE pass_id_seq INCREMENT 1 MINVALUE 1 MAXVALUE 2147483647 CACHE 1;

CREATE TABLE "public"."pass" (
    "id" integer DEFAULT nextval('pass_id_seq') NOT NULL,
    "charge" double precision NOT NULL,
    "timestamp" timestamp NOT NULL,
    "paid" boolean NOT NULL,
    "stationId" character varying(5),
    "tagId" character varying,
    CONSTRAINT "PK_f177d7f9a16271fab41c51876e4" PRIMARY KEY ("id")
) WITH (oids = false);

TRUNCATE "pass";
INSERT INTO "pass" ("id", "charge", "timestamp", "paid", "stationId", "tagId") VALUES
(1,	2.5,	'2022-01-01 00:23:00',	't',	'NAO30',	'NAO5ZJA8DZ'),
(2,	3.25,	'2022-01-01 01:02:00',	't',	'NO03',	'NOXFGCAQV'),
(3,	2.5,	'2022-01-01 01:26:00',	't',	'NAO38',	'NAONSM43D8'),
(4,	3.1,	'2022-01-01 01:29:00',	'f',	'AM09',	'NOQLL8OS9'),
(5,	2.2,	'2022-01-01 01:39:00',	't',	'AM03',	'AMNT3W5UZ'),
(6,	1.9,	'2022-01-01 01:45:00',	't',	'KO05',	'KOWM31YIH'),
(7,	14.7,	'2022-01-01 03:01:00',	'f',	'GE01',	'NAOBMYOFQE'),
(8,	2.5,	'2022-01-01 03:43:00',	'f',	'NAO04',	'MOV86WZS3'),
(9,	2.95,	'2022-01-01 03:58:00',	't',	'KO04',	'KOWKTAKPU'),
(10,	2.3,	'2022-01-01 04:16:00',	't',	'OO02',	'OOQ0OXFQ8'),
(11,	4.2,	'2022-01-01 04:45:00',	'f',	'NO09',	'EG7UR23GD'),
(12,	2.4,	'2022-01-01 04:55:00',	't',	'OO03',	'OOZSJ49IT'),
(13,	2.5,	'2022-01-01 04:56:00',	't',	'NAO37',	'NAOURTP0LZ'),
(14,	2.5,	'2022-01-01 05:24:00',	't',	'NAO29',	'NAO5UQPGB7'),
(15,	2.05,	'2022-01-01 05:35:00',	'f',	'MO11',	'NO7PTX63C'),
(16,	2.5,	'2022-01-01 06:08:00',	't',	'NAO07',	'NAOP0J43D5'),
(17,	2.4,	'2022-01-01 06:36:00',	'f',	'OO03',	'NAOVZ41NAM'),
(18,	1.9,	'2022-01-01 07:12:00',	't',	'OO08',	'OOQ0OXFQ8'),
(19,	2.95,	'2022-01-01 08:12:00',	't',	'KO03',	'KOWKTAKPU'),
(20,	2.6,	'2022-01-01 08:55:00',	't',	'MO05',	'MOJCKJLTE'),
(21,	1.9,	'2022-01-01 09:09:00',	'f',	'OO08',	'MOJCKJLTE'),
(22,	3.6,	'2022-01-01 09:11:00',	't',	'AM06',	'AMLJH75LX'),
(23,	2.1,	'2022-01-01 09:27:00',	't',	'EG17',	'EGIGQPKI7'),
(24,	2,	'2022-01-01 09:44:00',	'f',	'AM01',	'NAOP0J43D5'),
(25,	14.7,	'2022-01-01 11:01:00',	't',	'GE01',	'GEX7EEDTJ'),
(26,	1.4,	'2022-01-01 11:41:00',	'f',	'EG19',	'OO7PZE9VI'),
(27,	3.5,	'2022-01-01 11:47:00',	't',	'OO06',	'OO3KKV9RF'),
(28,	2.2,	'2022-01-01 12:26:00',	't',	'AM04',	'AMH9SDBDW'),
(29,	1.9,	'2022-01-01 12:40:00',	't',	'KO05',	'KOWM31YIH'),
(30,	3.85,	'2022-01-01 12:45:00',	't',	'NO01',	'NO7PTX63C'),
(31,	2.5,	'2022-01-01 13:30:00',	'f',	'NAO32',	'EG7UR23GD'),
(32,	2.5,	'2022-01-01 14:18:00',	't',	'NAO23',	'NAOHL1N13J'),
(33,	1.35,	'2022-01-01 14:59:00',	'f',	'MO02',	'OOZSJ49IT'),
(34,	2.5,	'2022-01-01 15:40:00',	't',	'NAO36',	'NAO5UQPGB7'),
(35,	2.5,	'2022-01-01 16:31:00',	'f',	'NAO03',	'EG9CHJ755'),
(36,	3.6,	'2022-01-01 16:51:00',	't',	'AM05',	'AMV3A3ZMF'),
(37,	2.5,	'2022-01-01 16:51:00',	't',	'OO10',	'OOQ0OXFQ8'),
(38,	3.25,	'2022-01-01 17:04:00',	't',	'NO04',	'NOX6GVWRD'),
(39,	2.3,	'2022-01-01 17:06:00',	'f',	'OO02',	'NAOLY8OZCY'),
(40,	2.5,	'2022-01-01 17:38:00',	'f',	'NAO40',	'EGRHOCN9J'),
(41,	3.25,	'2022-01-01 17:51:00',	'f',	'NO03',	'AMXAJI0Y6'),
(42,	2.5,	'2022-01-01 17:58:00',	't',	'NAO37',	'NAOBMYOFQE'),
(43,	1.4,	'2022-01-01 18:03:00',	'f',	'EG31',	'OOQ0OXFQ8'),
(44,	1.85,	'2022-01-01 18:29:00',	't',	'KO08',	'KOJDP0LVS'),
(45,	1.4,	'2022-01-01 18:51:00',	't',	'EG37',	'EGRHOCN9J'),
(46,	2.5,	'2022-01-01 19:02:00',	't',	'NAO19',	'NAOHAFEYUH'),
(47,	2.4,	'2022-01-01 19:15:00',	't',	'OO04',	'OO7PZE9VI'),
(48,	2.5,	'2022-01-01 19:42:00',	'f',	'NAO34',	'MOV86WZS3'),
(49,	4.15,	'2022-01-01 20:13:00',	'f',	'NO14',	'OO1B0Z3NX'),
(50,	1.9,	'2022-01-01 20:34:00',	't',	'OO07',	'OO1B0Z3NX'),
(51,	2,	'2022-01-01 21:59:00',	't',	'EG34',	'EGVWPVS7H'),
(52,	2.5,	'2022-01-01 23:27:00',	'f',	'OO09',	'EGRHOCN9J'),
(53,	3.35,	'2022-01-01 23:29:00',	't',	'NO12',	'NOQLL8OS9'),
(54,	2.5,	'2022-01-02 00:14:00',	't',	'NAO35',	'NAONSM43D8'),
(55,	1.2,	'2022-01-02 00:24:00',	't',	'EG13',	'EGYTJXEPQ'),
(56,	1.4,	'2022-01-02 00:30:00',	'f',	'EG19',	'KONCXLL4Z'),
(57,	2,	'2022-01-02 00:47:00',	'f',	'EG34',	'NAOBMYOFQE'),
(58,	2.2,	'2022-01-02 01:15:00',	't',	'AM04',	'AMLJH75LX'),
(59,	2.5,	'2022-01-02 01:48:00',	't',	'NAO40',	'NAOHL1N13J'),
(60,	2.5,	'2022-01-02 01:59:00',	'f',	'NAO29',	'OOZSJ49IT'),
(61,	3.25,	'2022-01-02 02:21:00',	'f',	'NO06',	'EGRHOCN9J'),
(62,	2.2,	'2022-01-02 02:24:00',	't',	'AM03',	'AMXAJI0Y6'),
(63,	2.1,	'2022-01-02 03:07:00',	'f',	'EG18',	'NAO5ZJA8DZ'),
(64,	1.4,	'2022-01-02 03:50:00',	't',	'EG23',	'EG7UR23GD'),
(65,	2.5,	'2022-01-02 04:12:00',	't',	'NAO22',	'NAO5ZJA8DZ'),
(66,	2.5,	'2022-01-02 04:20:00',	'f',	'NAO23',	'EG9CHJ755'),
(67,	3.1,	'2022-01-02 04:34:00',	't',	'AM10',	'AMXAJI0Y6'),
(68,	3.4,	'2022-01-02 04:54:00',	'f',	'KO02',	'OOZSJ49IT'),
(69,	1.9,	'2022-01-02 04:55:00',	't',	'OO07',	'OO7PZE9VI'),
(70,	2.5,	'2022-01-02 05:58:00',	'f',	'NAO28',	'AMNT3W5UZ'),
(71,	2.5,	'2022-01-02 06:10:00',	't',	'NAO11',	'NAO5UQPGB7'),
(72,	1.6,	'2022-01-02 06:30:00',	't',	'EG22',	'EGRHOCN9J'),
(73,	3.6,	'2022-01-02 06:31:00',	't',	'AM05',	'AMV3A3ZMF'),
(74,	2.95,	'2022-01-02 06:34:00',	't',	'KO04',	'KONCXLL4Z'),
(75,	2,	'2022-01-02 06:41:00',	'f',	'EG33',	'NOE1V2ISQ'),
(76,	2.5,	'2022-01-02 07:13:00',	't',	'NAO40',	'NAO5ZJA8DZ'),
(77,	1.4,	'2022-01-02 07:16:00',	'f',	'EG23',	'NAOURTP0LZ'),
(78,	2.95,	'2022-01-02 07:45:00',	'f',	'KO03',	'OO1B0Z3NX'),
(79,	3.1,	'2022-01-02 07:54:00',	'f',	'AM10',	'EGRHOCN9J'),
(80,	2.5,	'2022-01-02 08:03:00',	'f',	'OO10',	'NAO09SKDGI'),
(81,	4.15,	'2022-01-02 08:34:00',	't',	'NO14',	'NOX6GVWRD'),
(82,	3.6,	'2022-01-02 08:41:00',	't',	'AM06',	'AMXAJI0Y6'),
(83,	1.4,	'2022-01-02 08:41:00',	'f',	'EG31',	'NAOURTP0LZ'),
(84,	1.4,	'2022-01-02 08:43:00',	't',	'EG38',	'EG7UR23GD'),
(85,	2.4,	'2022-01-02 09:04:00',	't',	'OO04',	'OOQ0OXFQ8'),
(86,	2.5,	'2022-01-02 10:34:00',	't',	'NAO14',	'NAOHAFEYUH'),
(87,	2.5,	'2022-01-02 10:53:00',	'f',	'NAO32',	'NORCBPLJD'),
(88,	2.5,	'2022-01-02 10:54:00',	'f',	'NAO05',	'EGUT0CVS4'),
(89,	2.7,	'2022-01-02 10:56:00',	'f',	'MO09',	'AMV3A3ZMF'),
(90,	2.05,	'2022-01-02 11:06:00',	't',	'KO09',	'KOJDP0LVS'),
(91,	3.5,	'2022-01-02 11:12:00',	'f',	'OO06',	'MOJCKJLTE'),
(92,	3.6,	'2022-01-02 11:16:00',	't',	'AM06',	'AMLJH75LX'),
(93,	2,	'2022-01-02 11:26:00',	't',	'AM01',	'AMHJ7XVG0'),
(94,	3.25,	'2022-01-02 11:30:00',	'f',	'NO05',	'KOWKTAKPU'),
(95,	3.85,	'2022-01-02 11:55:00',	't',	'NO01',	'NOE1V2ISQ'),
(96,	0.9,	'2022-01-02 12:02:00',	't',	'EG10',	'EGVWPVS7H'),
(97,	14.7,	'2022-01-02 12:16:00',	't',	'GE02',	'GE5A0L725'),
(98,	2.5,	'2022-01-02 12:26:00',	't',	'NAO18',	'NAOHAFEYUH'),
(99,	1.5,	'2022-01-02 12:35:00',	't',	'EG30',	'EG9CHJ755'),
(100,	3.85,	'2022-01-02 13:33:00',	't',	'NO01',	'NOE1V2ISQ'),
(101,	1.7,	'2022-01-02 14:18:00',	't',	'EG06',	'EG9CHJ755'),
(102,	4.2,	'2022-01-02 14:30:00',	'f',	'NO10',	'NAOP0J43D5'),
(103,	2.5,	'2022-01-02 15:07:00',	't',	'NAO21',	'NAO5ZJA8DZ'),
(104,	0.9,	'2022-01-02 15:09:00',	't',	'EG09',	'EGYTJXEPQ'),
(105,	4.2,	'2022-01-02 15:20:00',	'f',	'NO10',	'NAOVZ41NAM'),
(106,	2.4,	'2022-01-02 15:29:00',	'f',	'OO04',	'NOXFGCAQV'),
(107,	1.5,	'2022-01-02 15:46:00',	't',	'EG29',	'EGC11ERTJ'),
(108,	2,	'2022-01-02 15:51:00',	't',	'AM01',	'AMLJH75LX'),
(109,	2.5,	'2022-01-02 15:51:00',	't',	'NAO10',	'NAO5UQPGB7'),
(110,	1.8,	'2022-01-02 16:09:00',	'f',	'EG26',	'NOE1V2ISQ'),
(111,	2.5,	'2022-01-02 17:22:00',	't',	'NAO32',	'NAOHAFEYUH'),
(112,	3.6,	'2022-01-02 17:59:00',	'f',	'AM06',	'EGVWPVS7H'),
(113,	4.15,	'2022-01-02 18:31:00',	'f',	'NO13',	'NAO5ZJA8DZ'),
(114,	2.05,	'2022-01-02 18:32:00',	't',	'KO10',	'KONCXLL4Z'),
(115,	1.5,	'2022-01-02 18:48:00',	'f',	'EG29',	'AMH9SDBDW'),
(116,	3.25,	'2022-01-02 18:50:00',	'f',	'NO05',	'EGVWPVS7H'),
(117,	2.8,	'2022-01-02 18:56:00',	'f',	'AM08',	'OOZSJ49IT'),
(118,	2,	'2022-01-02 19:13:00',	't',	'EG33',	'EGIGQPKI7'),
(119,	0.5,	'2022-01-02 19:41:00',	'f',	'EG11',	'OO1B0Z3NX'),
(120,	0.5,	'2022-01-02 20:29:00',	't',	'EG11',	'EGIGQPKI7'),
(121,	3.15,	'2022-01-02 20:48:00',	'f',	'MO08',	'NAOLY8OZCY'),
(122,	0.9,	'2022-01-02 20:57:00',	't',	'EG10',	'EGC11ERTJ'),
(123,	2.8,	'2022-01-02 21:21:00',	'f',	'AM08',	'EGYTJXEPQ'),
(124,	0.9,	'2022-01-02 21:41:00',	'f',	'EG09',	'NAOP0J43D5'),
(125,	1.4,	'2022-01-02 21:58:00',	't',	'EG28',	'EGF1T2TAL'),
(126,	3.25,	'2022-01-02 21:59:00',	'f',	'NO05',	'OO1B0Z3NX'),
(127,	3,	'2022-01-02 22:09:00',	't',	'EG01',	'EG9CHJ755'),
(128,	3.6,	'2022-01-02 22:57:00',	'f',	'AM05',	'NAOHAFEYUH'),
(129,	2.3,	'2022-01-02 23:31:00',	'f',	'OO01',	'AMLJH75LX'),
(130,	1.4,	'2022-01-03 00:51:00',	't',	'EG19',	'EGF1T2TAL'),
(131,	3.25,	'2022-01-03 00:57:00',	't',	'NO06',	'NORCBPLJD'),
(132,	1.85,	'2022-01-03 01:20:00',	'f',	'KO07',	'NAOP0J43D5'),
(133,	2.5,	'2022-01-03 01:22:00',	't',	'NAO38',	'NAO09SKDGI'),
(134,	2.5,	'2022-01-03 01:29:00',	'f',	'OO10',	'AMLJH75LX'),
(135,	2.5,	'2022-01-03 01:30:00',	't',	'NAO39',	'NAOURTP0LZ'),
(136,	3.4,	'2022-01-03 01:43:00',	'f',	'KO02',	'AMXAJI0Y6'),
(137,	2.4,	'2022-01-03 02:13:00',	'f',	'OO04',	'NAOVZ41NAM'),
(138,	2.5,	'2022-01-03 02:40:00',	't',	'NAO23',	'NAOLY8OZCY'),
(139,	2.3,	'2022-01-03 02:41:00',	't',	'OO02',	'OO3KKV9RF'),
(140,	2.5,	'2022-01-03 04:00:00',	't',	'OO10',	'OO1B0Z3NX'),
(141,	3.4,	'2022-01-03 04:06:00',	't',	'KO01',	'KOWKTAKPU'),
(142,	2.2,	'2022-01-03 04:30:00',	't',	'AM03',	'AMH9SDBDW'),
(143,	3.85,	'2022-01-03 04:34:00',	't',	'NO01',	'NORCBPLJD'),
(144,	1.7,	'2022-01-03 04:36:00',	't',	'EG05',	'EG7UR23GD'),
(145,	2.5,	'2022-01-03 05:05:00',	'f',	'NAO17',	'OO1B0Z3NX'),
(146,	2.5,	'2022-01-03 05:07:00',	't',	'NAO28',	'NAOHAFEYUH'),
(147,	2.8,	'2022-01-03 05:24:00',	't',	'AM08',	'AMXAJI0Y6'),
(148,	2.5,	'2022-01-03 06:11:00',	'f',	'NAO18',	'NOXFGCAQV'),
(149,	2.5,	'2022-01-03 06:13:00',	't',	'NAO05',	'NAO5ZJA8DZ'),
(150,	2,	'2022-01-03 06:26:00',	't',	'EG34',	'EGC11ERTJ'),
(151,	2,	'2022-01-03 06:28:00',	'f',	'AM01',	'NAO5UQPGB7'),
(152,	1.85,	'2022-01-03 07:33:00',	't',	'KO07',	'KOJDP0LVS'),
(153,	2.5,	'2022-01-03 07:40:00',	'f',	'NAO06',	'NOQLL8OS9'),
(154,	1.85,	'2022-01-03 08:15:00',	'f',	'KO07',	'AMXAJI0Y6'),
(155,	2.5,	'2022-01-03 08:23:00',	'f',	'NAO10',	'EGSEIMVIH'),
(156,	2.2,	'2022-01-03 08:36:00',	't',	'AM03',	'AMH9SDBDW'),
(157,	3.5,	'2022-01-03 08:51:00',	't',	'OO05',	'OOZSJ49IT'),
(158,	1.9,	'2022-01-03 09:12:00',	't',	'OO08',	'OO3KKV9RF'),
(159,	3.15,	'2022-01-03 09:26:00',	't',	'MO08',	'MOJCKJLTE'),
(160,	1.6,	'2022-01-03 09:43:00',	't',	'EG21',	'EGYTJXEPQ'),
(161,	2.5,	'2022-01-03 10:22:00',	't',	'OO10',	'OOQ0OXFQ8'),
(162,	2.5,	'2022-01-03 10:31:00',	't',	'NAO06',	'NAOHAFEYUH'),
(163,	2.5,	'2022-01-03 10:46:00',	'f',	'NAO05',	'KONCXLL4Z'),
(164,	2.5,	'2022-01-03 10:49:00',	't',	'OO10',	'OO7PZE9VI'),
(165,	1.2,	'2022-01-03 10:59:00',	'f',	'EG04',	'OOZSJ49IT'),
(166,	1.6,	'2022-01-03 11:46:00',	't',	'EG21',	'EG7UR23GD'),
(167,	2.5,	'2022-01-03 12:07:00',	't',	'NAO07',	'NAOBMYOFQE'),
(168,	1.85,	'2022-01-03 12:10:00',	'f',	'KO07',	'NAOURTP0LZ'),
(169,	2.5,	'2022-01-03 12:33:00',	'f',	'NAO20',	'NOQLL8OS9'),
(170,	4.2,	'2022-01-03 12:38:00',	't',	'NO10',	'NOQLL8OS9'),
(171,	2.1,	'2022-01-03 13:00:00',	'f',	'EG17',	'OO3KKV9RF'),
(172,	1.4,	'2022-01-03 13:40:00',	't',	'EG28',	'EGF1T2TAL'),
(173,	2.5,	'2022-01-03 13:51:00',	'f',	'NAO36',	'EGVWPVS7H'),
(174,	2.05,	'2022-01-03 14:30:00',	't',	'KO10',	'KOIXA11DP'),
(175,	3.5,	'2022-01-03 14:56:00',	'f',	'OO05',	'NO7PTX63C'),
(176,	3.6,	'2022-01-03 15:06:00',	't',	'AM06',	'AMH9SDBDW'),
(177,	4.15,	'2022-01-03 15:28:00',	't',	'NO13',	'NOXFGCAQV'),
(178,	2.5,	'2022-01-03 15:42:00',	't',	'NAO22',	'NAOVZ41NAM'),
(179,	2.05,	'2022-01-03 17:21:00',	't',	'KO10',	'KOJDP0LVS'),
(180,	2.95,	'2022-01-03 17:37:00',	't',	'KO04',	'KOWKTAKPU'),
(181,	2.5,	'2022-01-03 17:40:00',	't',	'NAO25',	'NAO5ZJA8DZ'),
(182,	2.5,	'2022-01-03 18:23:00',	't',	'NAO30',	'NAOHAFEYUH'),
(183,	2.5,	'2022-01-03 18:32:00',	't',	'NAO26',	'NAO09SKDGI'),
(184,	2.5,	'2022-01-03 18:55:00',	'f',	'NAO24',	'AMLJH75LX'),
(185,	2.5,	'2022-01-03 19:02:00',	't',	'NAO03',	'NAOLY8OZCY'),
(186,	3.6,	'2022-01-03 19:05:00',	't',	'AM06',	'AMH9SDBDW'),
(187,	2.5,	'2022-01-03 19:17:00',	'f',	'NAO31',	'OO7PZE9VI'),
(188,	2.5,	'2022-01-03 19:36:00',	't',	'NAO06',	'NAOP0J43D5'),
(189,	1.85,	'2022-01-03 19:42:00',	't',	'KO08',	'KOIXA11DP'),
(190,	2.1,	'2022-01-03 20:20:00',	't',	'MO04',	'MOV86WZS3'),
(191,	3.4,	'2022-01-03 20:52:00',	't',	'KO01',	'KONCXLL4Z'),
(192,	1.9,	'2022-01-03 21:06:00',	't',	'KO06',	'KONCXLL4Z'),
(193,	3.25,	'2022-01-03 21:12:00',	'f',	'NO05',	'EGVWPVS7H'),
(194,	2.4,	'2022-01-03 21:34:00',	'f',	'OO03',	'NAOLY8OZCY'),
(195,	4.15,	'2022-01-03 21:51:00',	't',	'NO14',	'NO7PTX63C'),
(196,	3.6,	'2022-01-03 21:53:00',	'f',	'AM06',	'EG7UR23GD'),
(197,	2.5,	'2022-01-03 22:15:00',	't',	'NAO22',	'NAOVZ41NAM'),
(198,	1.2,	'2022-01-03 22:41:00',	't',	'EG15',	'EGVWPVS7H'),
(199,	1.4,	'2022-01-03 22:58:00',	't',	'EG20',	'EGSEIMVIH'),
(200,	2.1,	'2022-01-04 00:30:00',	't',	'EG18',	'EGIGQPKI7'),
(201,	1.9,	'2022-01-04 00:55:00',	'f',	'KO05',	'EGVWPVS7H'),
(202,	3.4,	'2022-01-04 01:00:00',	'f',	'KO02',	'EG9CHJ755'),
(203,	3.5,	'2022-01-04 01:56:00',	'f',	'OO06',	'NAOHL1N13J'),
(204,	1,	'2022-01-04 03:35:00',	't',	'EG36',	'EGUT0CVS4'),
(205,	2.2,	'2022-01-04 03:43:00',	't',	'AM03',	'AMNT3W5UZ'),
(206,	2.5,	'2022-01-04 04:08:00',	'f',	'NAO28',	'NOE1V2ISQ'),
(207,	2,	'2022-01-04 04:46:00',	't',	'AM01',	'AMXAJI0Y6'),
(208,	2.5,	'2022-01-04 04:50:00',	't',	'NAO13',	'NAOP0J43D5'),
(209,	1.85,	'2022-01-04 04:51:00',	't',	'KO08',	'KOJDP0LVS'),
(210,	2.2,	'2022-01-04 04:59:00',	't',	'AM04',	'AMV3A3ZMF'),
(211,	3.4,	'2022-01-04 05:11:00',	'f',	'KO02',	'NAOLY8OZCY'),
(212,	2.5,	'2022-01-04 05:17:00',	't',	'NAO09',	'NAO5UQPGB7'),
(213,	2.5,	'2022-01-04 05:18:00',	't',	'NAO05',	'NAO5ZJA8DZ'),
(214,	2.5,	'2022-01-04 05:33:00',	't',	'NAO25',	'NAOHL1N13J'),
(215,	3.55,	'2022-01-04 06:01:00',	'f',	'NO07',	'EGF1T2TAL'),
(216,	2.5,	'2022-01-04 06:55:00',	't',	'NAO07',	'NAO5ZJA8DZ'),
(217,	2.5,	'2022-01-04 06:59:00',	't',	'NAO07',	'NAOURTP0LZ'),
(218,	1.9,	'2022-01-04 07:01:00',	't',	'OO07',	'OOQ0OXFQ8'),
(219,	1.8,	'2022-01-04 07:04:00',	't',	'EG08',	'EGSEIMVIH'),
(220,	2.5,	'2022-01-04 07:17:00',	't',	'NAO39',	'NAOP0J43D5'),
(221,	3.25,	'2022-01-04 07:29:00',	't',	'NO06',	'NO7PTX63C'),
(222,	2.3,	'2022-01-04 07:49:00',	'f',	'OO01',	'EGYTJXEPQ'),
(223,	14.7,	'2022-01-04 07:58:00',	'f',	'GE02',	'KOWKTAKPU'),
(224,	3.4,	'2022-01-04 08:04:00',	't',	'KO02',	'KOWM31YIH'),
(225,	0.9,	'2022-01-04 08:09:00',	't',	'EG10',	'EGIGQPKI7'),
(226,	1.4,	'2022-01-04 08:12:00',	't',	'EG37',	'EGF1T2TAL'),
(227,	2.5,	'2022-01-04 08:18:00',	't',	'NAO39',	'NAOP0J43D5'),
(228,	2.5,	'2022-01-04 09:04:00',	't',	'NAO32',	'NAO5UQPGB7'),
(229,	2.5,	'2022-01-04 09:06:00',	't',	'NAO40',	'NAOHL1N13J'),
(230,	4.15,	'2022-01-04 09:26:00',	't',	'NO13',	'NOE1V2ISQ'),
(231,	2,	'2022-01-04 09:59:00',	't',	'AM02',	'AMHJ7XVG0'),
(232,	1.7,	'2022-01-04 10:23:00',	't',	'EG06',	'EGIGQPKI7'),
(233,	4.2,	'2022-01-04 10:31:00',	't',	'NO10',	'NOXFGCAQV'),
(234,	4.2,	'2022-01-04 10:46:00',	't',	'NO10',	'NOX6GVWRD'),
(235,	3.25,	'2022-01-04 11:27:00',	'f',	'NO05',	'KONCXLL4Z'),
(236,	2.5,	'2022-01-04 11:41:00',	'f',	'NAO39',	'EGIGQPKI7'),
(237,	3.25,	'2022-01-04 12:02:00',	'f',	'NO06',	'EGVWPVS7H'),
(238,	2.5,	'2022-01-04 13:53:00',	't',	'OO10',	'OOQ0OXFQ8'),
(239,	14.7,	'2022-01-04 14:05:00',	't',	'GE02',	'GE2IAGL58'),
(240,	1.6,	'2022-01-04 14:24:00',	'f',	'EG21',	'AMXAJI0Y6'),
(241,	2.4,	'2022-01-04 15:20:00',	't',	'OO04',	'OO3KKV9RF'),
(242,	2.1,	'2022-01-04 15:35:00',	't',	'EG17',	'EG7UR23GD'),
(243,	3.35,	'2022-01-04 15:58:00',	'f',	'NO12',	'MOV86WZS3'),
(244,	2.5,	'2022-01-04 16:02:00',	'f',	'NAO04',	'OOQ0OXFQ8'),
(245,	2.5,	'2022-01-04 16:10:00',	't',	'NAO14',	'NAONSM43D8'),
(246,	2.6,	'2022-01-04 16:47:00',	't',	'MO05',	'MOJCKJLTE'),
(247,	4.2,	'2022-01-04 16:56:00',	'f',	'NO10',	'NAOURTP0LZ'),
(248,	0.5,	'2022-01-04 17:03:00',	't',	'EG12',	'EGSEIMVIH'),
(249,	1.85,	'2022-01-04 17:14:00',	't',	'KO08',	'KONCXLL4Z'),
(250,	2.7,	'2022-01-04 17:49:00',	'f',	'MO10',	'EG9CHJ755'),
(251,	1.8,	'2022-01-04 17:52:00',	'f',	'EG25',	'NAOHL1N13J'),
(252,	3.1,	'2022-01-04 18:00:00',	't',	'AM10',	'AMHJ7XVG0'),
(253,	3.6,	'2022-01-04 19:38:00',	'f',	'AM06',	'NOXFGCAQV'),
(254,	3.25,	'2022-01-04 19:41:00',	'f',	'NO06',	'AMHJ7XVG0'),
(255,	2.4,	'2022-01-04 19:41:00',	'f',	'OO03',	'AMXAJI0Y6'),
(256,	2.05,	'2022-01-04 20:00:00',	't',	'KO09',	'KOJDP0LVS'),
(257,	3.1,	'2022-01-04 20:01:00',	't',	'AM09',	'AMNT3W5UZ'),
(258,	2.5,	'2022-01-04 20:01:00',	't',	'NAO08',	'NAOVZ41NAM'),
(259,	2.5,	'2022-01-04 20:36:00',	't',	'NAO20',	'NAO5UQPGB7'),
(260,	1.9,	'2022-01-04 21:02:00',	't',	'KO05',	'KOWM31YIH'),
(261,	2,	'2022-01-04 21:11:00',	't',	'EG33',	'EGIGQPKI7'),
(262,	1.4,	'2022-01-04 22:38:00',	'f',	'EG20',	'NAOBMYOFQE'),
(263,	3.5,	'2022-01-04 23:15:00',	't',	'OO06',	'OO3KKV9RF'),
(264,	3.85,	'2022-01-04 23:45:00',	't',	'NO02',	'NOXFGCAQV'),
(265,	3.6,	'2022-01-04 23:51:00',	't',	'AM05',	'AMLJH75LX'),
(266,	1.9,	'2022-01-04 23:55:00',	'f',	'KO05',	'EGC11ERTJ'),
(267,	2.8,	'2022-01-05 00:53:00',	'f',	'AM07',	'OO1B0Z3NX'),
(268,	1.35,	'2022-01-05 01:24:00',	'f',	'MO02',	'NAOHL1N13J'),
(269,	2.5,	'2022-01-05 01:25:00',	't',	'NAO32',	'NAO5ZJA8DZ'),
(270,	3.5,	'2022-01-05 01:48:00',	'f',	'OO06',	'NO7PTX63C'),
(271,	2.7,	'2022-01-05 02:14:00',	'f',	'MO09',	'EGF1T2TAL'),
(272,	2.2,	'2022-01-05 03:01:00',	't',	'AM03',	'AMH9SDBDW'),
(273,	1.6,	'2022-01-05 03:05:00',	'f',	'EG22',	'OO7PZE9VI'),
(274,	14.7,	'2022-01-05 03:19:00',	't',	'GE02',	'GEX7EEDTJ'),
(275,	3,	'2022-01-05 03:50:00',	'f',	'EG01',	'NAO5UQPGB7'),
(276,	1.6,	'2022-01-05 04:07:00',	't',	'EG21',	'EGYTJXEPQ'),
(277,	2,	'2022-01-05 04:31:00',	't',	'EG33',	'EGF1T2TAL'),
(278,	1.5,	'2022-01-05 04:34:00',	't',	'EG29',	'EGF1T2TAL'),
(279,	3.35,	'2022-01-05 04:38:00',	'f',	'NO11',	'NAOURTP0LZ'),
(280,	3.55,	'2022-01-05 04:40:00',	't',	'NO07',	'NOQLL8OS9'),
(281,	1.9,	'2022-01-05 04:42:00',	't',	'OO08',	'OO7PZE9VI'),
(282,	3.25,	'2022-01-05 04:53:00',	'f',	'NO06',	'GE5A0L725'),
(283,	4.15,	'2022-01-05 05:11:00',	't',	'NO14',	'NO7PTX63C'),
(284,	4.15,	'2022-01-05 05:17:00',	't',	'NO14',	'NO7PTX63C'),
(285,	3.6,	'2022-01-05 05:39:00',	't',	'AM05',	'AMLJH75LX'),
(286,	1.6,	'2022-01-05 05:59:00',	't',	'EG22',	'EGVWPVS7H'),
(287,	4.2,	'2022-01-05 06:01:00',	'f',	'NO10',	'KOIXA11DP'),
(288,	3.35,	'2022-01-05 06:08:00',	't',	'NO11',	'NOXFGCAQV'),
(289,	3.25,	'2022-01-05 06:16:00',	't',	'NO05',	'NOX6GVWRD'),
(290,	3.25,	'2022-01-05 07:22:00',	't',	'NO06',	'NOXFGCAQV'),
(291,	2.5,	'2022-01-05 07:28:00',	't',	'NAO21',	'NAO5ZJA8DZ'),
(292,	0.9,	'2022-01-05 08:15:00',	'f',	'EG10',	'NORCBPLJD'),
(293,	2.8,	'2022-01-05 08:25:00',	'f',	'AM07',	'NAO5UQPGB7'),
(294,	1.2,	'2022-01-05 08:28:00',	'f',	'EG03',	'NAO09SKDGI'),
(295,	2.5,	'2022-01-05 08:48:00',	't',	'NAO35',	'NAO09SKDGI'),
(296,	1.85,	'2022-01-05 08:50:00',	't',	'KO07',	'KOWKTAKPU'),
(297,	0.5,	'2022-01-05 09:21:00',	't',	'EG11',	'EGC11ERTJ'),
(298,	3.85,	'2022-01-05 09:40:00',	'f',	'NO01',	'AMNT3W5UZ'),
(299,	2.05,	'2022-01-05 10:00:00',	'f',	'KO09',	'EGC11ERTJ'),
(300,	3.85,	'2022-01-05 10:04:00',	't',	'NO01',	'NOX6GVWRD'),
(301,	1.4,	'2022-01-05 10:11:00',	't',	'EG31',	'EGUT0CVS4'),
(302,	2.5,	'2022-01-05 11:27:00',	't',	'NAO41',	'NAOP0J43D5'),
(303,	2.5,	'2022-01-05 11:42:00',	'f',	'NAO25',	'OOQ0OXFQ8'),
(304,	3,	'2022-01-05 12:22:00',	't',	'EG02',	'EGF1T2TAL'),
(305,	3.25,	'2022-01-05 13:01:00',	't',	'NO04',	'NO7PTX63C'),
(306,	1.35,	'2022-01-05 13:36:00',	't',	'MO02',	'MOV86WZS3'),
(307,	2.5,	'2022-01-05 13:47:00',	'f',	'NAO18',	'KONCXLL4Z'),
(308,	3.6,	'2022-01-05 14:34:00',	't',	'AM05',	'AMHJ7XVG0'),
(309,	2.5,	'2022-01-05 14:38:00',	't',	'OO10',	'OOQ0OXFQ8'),
(310,	1.2,	'2022-01-05 14:40:00',	'f',	'EG14',	'OO3KKV9RF'),
(311,	2.7,	'2022-01-05 14:57:00',	't',	'MO09',	'MOV86WZS3'),
(312,	1.2,	'2022-01-05 15:19:00',	't',	'EG03',	'EG7UR23GD'),
(313,	2.2,	'2022-01-05 15:48:00',	'f',	'AM04',	'NAOHL1N13J'),
(314,	2.8,	'2022-01-05 16:00:00',	'f',	'AM08',	'KOIXA11DP'),
(315,	2.4,	'2022-01-05 16:16:00',	't',	'OO04',	'OOZSJ49IT'),
(316,	2.5,	'2022-01-05 17:54:00',	't',	'NAO32',	'NAO5UQPGB7'),
(317,	1.9,	'2022-01-05 18:21:00',	'f',	'KO05',	'EGF1T2TAL'),
(318,	2.5,	'2022-01-05 18:56:00',	't',	'NAO02',	'NAOP0J43D5'),
(319,	3.25,	'2022-01-05 19:25:00',	't',	'NO03',	'NOXFGCAQV'),
(320,	0.5,	'2022-01-05 20:19:00',	't',	'EG11',	'EGRHOCN9J'),
(321,	2.5,	'2022-01-05 20:23:00',	't',	'NAO37',	'NAOBMYOFQE'),
(322,	2.4,	'2022-01-05 20:55:00',	't',	'OO04',	'OOZSJ49IT'),
(323,	2.5,	'2022-01-05 21:00:00',	't',	'NAO21',	'NAOLY8OZCY'),
(324,	3.25,	'2022-01-05 21:21:00',	't',	'NO06',	'NOE1V2ISQ'),
(325,	1.4,	'2022-01-05 21:26:00',	't',	'EG19',	'EGYTJXEPQ'),
(326,	1.9,	'2022-01-05 21:37:00',	't',	'OO07',	'OO7PZE9VI'),
(327,	3.85,	'2022-01-05 22:05:00',	't',	'NO02',	'NOXFGCAQV'),
(328,	2.6,	'2022-01-05 22:19:00',	't',	'MO06',	'MOJCKJLTE'),
(329,	4.2,	'2022-01-05 22:22:00',	'f',	'NO09',	'NAOBMYOFQE'),
(330,	14.7,	'2022-01-05 22:46:00',	't',	'GE02',	'GEJA1WJ0T'),
(331,	2.5,	'2022-01-05 22:51:00',	'f',	'NAO30',	'EGUT0CVS4'),
(332,	2.1,	'2022-01-05 23:08:00',	't',	'MO04',	'MOJCKJLTE'),
(333,	3.1,	'2022-01-05 23:32:00',	't',	'AM10',	'AMV3A3ZMF'),
(334,	2.5,	'2022-01-05 23:40:00',	't',	'NAO20',	'NAOVZ41NAM'),
(335,	2.4,	'2022-01-06 00:25:00',	't',	'OO04',	'OOZSJ49IT'),
(336,	2.5,	'2022-01-06 00:30:00',	't',	'NAO30',	'NAONSM43D8'),
(337,	3.1,	'2022-01-06 00:40:00',	't',	'AM09',	'AMXAJI0Y6'),
(338,	3,	'2022-01-06 00:40:00',	'f',	'EG02',	'NAONSM43D8'),
(339,	4.15,	'2022-01-06 00:57:00',	't',	'NO13',	'NO7PTX63C'),
(340,	3.15,	'2022-01-06 01:41:00',	't',	'MO08',	'MOV86WZS3'),
(341,	1.9,	'2022-01-06 03:08:00',	't',	'OO08',	'OOZSJ49IT'),
(342,	2.5,	'2022-01-06 03:24:00',	't',	'NAO28',	'NAOHAFEYUH'),
(343,	2.5,	'2022-01-06 04:19:00',	't',	'NAO01',	'NAOBMYOFQE'),
(344,	2.5,	'2022-01-06 04:50:00',	't',	'OO10',	'OOZSJ49IT'),
(345,	1.5,	'2022-01-06 04:59:00',	't',	'EG29',	'EG7UR23GD'),
(346,	2.5,	'2022-01-06 05:07:00',	't',	'NAO01',	'NAOP0J43D5'),
(347,	2.5,	'2022-01-06 05:19:00',	'f',	'NAO16',	'EGUT0CVS4'),
(348,	3.5,	'2022-01-06 05:34:00',	'f',	'OO05',	'AMHJ7XVG0'),
(349,	2.1,	'2022-01-06 05:37:00',	't',	'EG17',	'EGYTJXEPQ'),
(350,	3.25,	'2022-01-06 05:40:00',	'f',	'NO05',	'NAOVZ41NAM'),
(351,	3.6,	'2022-01-06 06:34:00',	't',	'AM06',	'AMXAJI0Y6'),
(352,	2.5,	'2022-01-06 06:34:00',	'f',	'NAO35',	'KONCXLL4Z'),
(353,	2.5,	'2022-01-06 07:18:00',	't',	'NAO35',	'NAO5ZJA8DZ'),
(354,	3.25,	'2022-01-06 07:27:00',	't',	'NO04',	'NOE1V2ISQ'),
(355,	2.95,	'2022-01-06 07:39:00',	't',	'KO04',	'KOIXA11DP'),
(356,	2,	'2022-01-06 08:27:00',	'f',	'AM01',	'EG7UR23GD'),
(357,	3.25,	'2022-01-06 08:40:00',	't',	'NO06',	'NOX6GVWRD'),
(358,	2.5,	'2022-01-06 08:45:00',	't',	'NAO37',	'NAO09SKDGI'),
(359,	2.7,	'2022-01-06 08:54:00',	't',	'MO10',	'MOV86WZS3'),
(360,	3.1,	'2022-01-06 08:57:00',	't',	'AM10',	'AMNT3W5UZ'),
(361,	1.6,	'2022-01-06 09:04:00',	't',	'EG22',	'EG7UR23GD'),
(362,	2.5,	'2022-01-06 09:19:00',	't',	'NAO17',	'NAOBMYOFQE'),
(363,	2.95,	'2022-01-06 09:43:00',	't',	'KO03',	'KOIXA11DP'),
(364,	1.4,	'2022-01-06 10:48:00',	't',	'EG24',	'EGF1T2TAL'),
(365,	2.2,	'2022-01-06 11:16:00',	'f',	'AM04',	'MOJCKJLTE'),
(366,	1.9,	'2022-01-06 11:20:00',	'f',	'KO06',	'EGC11ERTJ'),
(367,	2.8,	'2022-01-06 11:24:00',	'f',	'AM08',	'OO7PZE9VI'),
(368,	2.5,	'2022-01-06 11:44:00',	'f',	'NAO37',	'AMNT3W5UZ'),
(369,	1.2,	'2022-01-06 11:58:00',	't',	'EG13',	'EGUT0CVS4'),
(370,	3.6,	'2022-01-06 12:31:00',	't',	'AM05',	'AMV3A3ZMF'),
(371,	2.5,	'2022-01-06 12:32:00',	'f',	'NAO27',	'OOQ0OXFQ8'),
(372,	1.4,	'2022-01-06 12:33:00',	'f',	'EG38',	'GEL6246HI'),
(373,	1.4,	'2022-01-06 12:54:00',	'f',	'EG32',	'NAO5ZJA8DZ'),
(374,	2,	'2022-01-06 13:03:00',	'f',	'AM02',	'NOQLL8OS9'),
(375,	3.15,	'2022-01-06 13:47:00',	'f',	'MO07',	'KOIXA11DP'),
(376,	2.6,	'2022-01-06 13:59:00',	't',	'MO06',	'MOV86WZS3'),
(377,	2.5,	'2022-01-06 14:49:00',	'f',	'NAO09',	'MOJCKJLTE'),
(378,	2.5,	'2022-01-06 15:03:00',	't',	'NAO30',	'NAOP0J43D5'),
(379,	1.4,	'2022-01-06 15:14:00',	'f',	'EG28',	'NAOBMYOFQE'),
(380,	2.2,	'2022-01-06 15:15:00',	't',	'AM03',	'AMLJH75LX'),
(381,	3.25,	'2022-01-06 15:35:00',	't',	'NO06',	'NOX6GVWRD'),
(382,	2.2,	'2022-01-06 15:43:00',	't',	'AM04',	'AMLJH75LX'),
(383,	2,	'2022-01-06 16:46:00',	't',	'AM02',	'AMXAJI0Y6'),
(384,	1.85,	'2022-01-06 17:12:00',	't',	'KO07',	'KOWKTAKPU'),
(385,	4.2,	'2022-01-06 17:16:00',	'f',	'NO10',	'OO1B0Z3NX'),
(386,	2.8,	'2022-01-06 17:32:00',	't',	'AM08',	'AMHJ7XVG0'),
(387,	0.9,	'2022-01-06 17:38:00',	't',	'EG10',	'EGIGQPKI7'),
(388,	0.9,	'2022-01-06 17:54:00',	't',	'EG09',	'EGSEIMVIH'),
(389,	2.5,	'2022-01-06 18:01:00',	't',	'NAO08',	'NAO5ZJA8DZ'),
(390,	2,	'2022-01-06 18:10:00',	't',	'AM02',	'AMHJ7XVG0'),
(391,	3.6,	'2022-01-06 18:36:00',	't',	'AM06',	'AMXAJI0Y6'),
(392,	2.3,	'2022-01-06 18:38:00',	'f',	'OO02',	'NOQLL8OS9'),
(393,	2.5,	'2022-01-06 18:44:00',	'f',	'NAO34',	'NOXFGCAQV'),
(394,	1.9,	'2022-01-06 19:00:00',	'f',	'OO07',	'NAOLY8OZCY'),
(395,	2.05,	'2022-01-06 19:23:00',	't',	'KO10',	'KOJDP0LVS'),
(396,	2.5,	'2022-01-06 19:25:00',	't',	'NAO04',	'NAO5UQPGB7'),
(397,	2.5,	'2022-01-06 20:11:00',	'f',	'NAO02',	'KOIXA11DP'),
(398,	2.3,	'2022-01-06 20:56:00',	't',	'OO01',	'OO7PZE9VI'),
(399,	2.5,	'2022-01-06 20:59:00',	't',	'NAO20',	'NAO5UQPGB7'),
(400,	2.05,	'2022-01-06 21:18:00',	'f',	'KO10',	'NO7PTX63C'),
(401,	1.8,	'2022-01-06 21:28:00',	'f',	'EG25',	'MOV86WZS3'),
(402,	3.1,	'2022-01-06 21:40:00',	'f',	'AM10',	'NAO5ZJA8DZ'),
(403,	3.6,	'2022-01-06 21:53:00',	't',	'AM06',	'AMXAJI0Y6'),
(404,	2.5,	'2022-01-06 22:05:00',	't',	'NAO11',	'NAO5UQPGB7'),
(405,	2.2,	'2022-01-06 22:15:00',	't',	'AM03',	'AMHJ7XVG0'),
(406,	2,	'2022-01-06 22:27:00',	'f',	'AM01',	'NOE1V2ISQ'),
(407,	2.5,	'2022-01-06 22:34:00',	'f',	'NAO04',	'KOIXA11DP'),
(408,	2.05,	'2022-01-06 22:47:00',	'f',	'KO09',	'NOXFGCAQV'),
(409,	2.7,	'2022-01-06 23:08:00',	't',	'MO10',	'MOJCKJLTE'),
(410,	3.85,	'2022-01-06 23:10:00',	't',	'NO01',	'NOXFGCAQV'),
(411,	1.4,	'2022-01-06 23:34:00',	'f',	'EG19',	'NAOBMYOFQE'),
(412,	2.5,	'2022-01-06 23:38:00',	't',	'NAO17',	'NAONSM43D8'),
(413,	2.95,	'2022-01-07 00:09:00',	't',	'KO04',	'KOIXA11DP'),
(414,	2.5,	'2022-01-07 00:11:00',	't',	'NAO07',	'NAOP0J43D5'),
(415,	3.85,	'2022-01-07 00:23:00',	't',	'NO02',	'NOXFGCAQV'),
(416,	2.5,	'2022-01-07 00:34:00',	't',	'NAO06',	'NAO5UQPGB7'),
(417,	3.85,	'2022-01-07 00:35:00',	't',	'NO02',	'NOXFGCAQV'),
(418,	1.6,	'2022-01-07 00:37:00',	'f',	'EG21',	'NOXFGCAQV'),
(419,	2.5,	'2022-01-07 00:37:00',	'f',	'NAO27',	'EG9CHJ755'),
(420,	2.1,	'2022-01-07 01:24:00',	't',	'EG18',	'EGIGQPKI7'),
(421,	0.9,	'2022-01-07 01:38:00',	't',	'EG09',	'EG9CHJ755'),
(422,	2.2,	'2022-01-07 02:00:00',	't',	'AM04',	'AMV3A3ZMF'),
(423,	1.9,	'2022-01-07 02:47:00',	't',	'OO08',	'OO3KKV9RF'),
(424,	3.1,	'2022-01-07 03:02:00',	'f',	'AM09',	'NAO09SKDGI'),
(425,	1.9,	'2022-01-07 04:29:00',	'f',	'KO06',	'AMHJ7XVG0'),
(426,	2.2,	'2022-01-07 04:51:00',	'f',	'AM03',	'EGSEIMVIH'),
(427,	0.9,	'2022-01-07 05:06:00',	't',	'EG10',	'EGF1T2TAL'),
(428,	2.5,	'2022-01-07 06:13:00',	't',	'OO10',	'OOZSJ49IT'),
(429,	2.4,	'2022-01-07 06:40:00',	't',	'OO03',	'OO1B0Z3NX'),
(430,	4.2,	'2022-01-07 06:46:00',	't',	'NO10',	'NOX6GVWRD'),
(431,	2.5,	'2022-01-07 07:01:00',	'f',	'OO09',	'NAOURTP0LZ'),
(432,	1.35,	'2022-01-07 07:54:00',	't',	'MO01',	'MOV86WZS3'),
(433,	2.5,	'2022-01-07 08:02:00',	'f',	'NAO19',	'NOXFGCAQV'),
(434,	3.5,	'2022-01-07 08:07:00',	't',	'OO05',	'OO3KKV9RF'),
(435,	1.8,	'2022-01-07 08:29:00',	't',	'EG08',	'EGVWPVS7H'),
(436,	2.3,	'2022-01-07 09:10:00',	'f',	'OO02',	'NAOURTP0LZ'),
(437,	3.6,	'2022-01-07 10:00:00',	'f',	'AM06',	'KOIXA11DP'),
(438,	2.3,	'2022-01-07 10:29:00',	'f',	'OO01',	'NORCBPLJD'),
(439,	3.25,	'2022-01-07 11:15:00',	't',	'NO04',	'NOQLL8OS9'),
(440,	2,	'2022-01-07 11:22:00',	't',	'EG34',	'EGIGQPKI7'),
(441,	2.5,	'2022-01-07 11:44:00',	't',	'NAO37',	'NAOLY8OZCY'),
(442,	2.5,	'2022-01-07 11:47:00',	'f',	'NAO39',	'AMXAJI0Y6'),
(443,	1.7,	'2022-01-07 12:06:00',	'f',	'EG06',	'NAOBMYOFQE'),
(444,	2.5,	'2022-01-07 12:26:00',	'f',	'NAO15',	'OO3KKV9RF'),
(445,	2.5,	'2022-01-07 12:32:00',	't',	'NAO37',	'NAOHL1N13J'),
(446,	2.95,	'2022-01-07 12:39:00',	'f',	'KO03',	'NAOHL1N13J'),
(447,	3.5,	'2022-01-07 12:56:00',	't',	'OO06',	'OO1B0Z3NX'),
(448,	3.55,	'2022-01-07 13:32:00',	't',	'NO07',	'NO7PTX63C'),
(449,	1.6,	'2022-01-07 14:01:00',	'f',	'EG21',	'NORCBPLJD'),
(450,	2.5,	'2022-01-07 14:25:00',	'f',	'NAO29',	'NO7PTX63C'),
(451,	1.9,	'2022-01-07 14:26:00',	'f',	'OO07',	'NAONSM43D8'),
(452,	2.5,	'2022-01-07 15:11:00',	'f',	'NAO12',	'AMXAJI0Y6'),
(453,	3,	'2022-01-07 15:13:00',	'f',	'EG02',	'NAONSM43D8'),
(454,	2.8,	'2022-01-07 15:53:00',	't',	'AM07',	'AMXAJI0Y6'),
(455,	1.4,	'2022-01-07 15:56:00',	't',	'EG28',	'EG9CHJ755'),
(456,	0.9,	'2022-01-07 16:12:00',	'f',	'EG09',	'AMXAJI0Y6'),
(457,	2.4,	'2022-01-07 16:26:00',	't',	'OO03',	'OO7PZE9VI'),
(458,	3.5,	'2022-01-07 16:53:00',	't',	'OO06',	'OOQ0OXFQ8'),
(459,	3.5,	'2022-01-07 17:03:00',	't',	'OO06',	'OO7PZE9VI'),
(460,	2.5,	'2022-01-07 17:20:00',	't',	'NAO16',	'NAOHL1N13J'),
(461,	2.5,	'2022-01-07 17:33:00',	't',	'NAO04',	'NAOP0J43D5'),
(462,	2.5,	'2022-01-07 18:04:00',	't',	'NAO33',	'NAOP0J43D5'),
(463,	2.8,	'2022-01-07 18:57:00',	't',	'AM07',	'AMLJH75LX'),
(464,	3.85,	'2022-01-07 18:58:00',	't',	'NO02',	'NOE1V2ISQ'),
(465,	1.5,	'2022-01-07 20:08:00',	't',	'EG30',	'EGUT0CVS4'),
(466,	2.5,	'2022-01-07 20:40:00',	't',	'OO10',	'OOQ0OXFQ8'),
(467,	2,	'2022-01-07 21:00:00',	'f',	'AM02',	'EGRHOCN9J'),
(468,	2.05,	'2022-01-07 21:28:00',	'f',	'KO09',	'EGIGQPKI7'),
(469,	1.5,	'2022-01-07 21:58:00',	't',	'EG29',	'EGSEIMVIH'),
(470,	2.5,	'2022-01-07 21:58:00',	't',	'NAO39',	'NAOURTP0LZ'),
(471,	2.3,	'2022-01-07 22:03:00',	't',	'OO02',	'OO3KKV9RF'),
(472,	2.8,	'2022-01-07 22:43:00',	't',	'AM08',	'AMLJH75LX'),
(473,	2.1,	'2022-01-07 23:38:00',	'f',	'EG18',	'KOIXA11DP'),
(474,	1.8,	'2022-01-07 23:49:00',	't',	'EG08',	'EGRHOCN9J'),
(475,	2.5,	'2022-01-08 00:15:00',	't',	'NAO32',	'NAOHL1N13J'),
(476,	2.95,	'2022-01-08 00:37:00',	't',	'KO03',	'KOWM31YIH'),
(477,	0.9,	'2022-01-08 01:40:00',	't',	'EG10',	'EGSEIMVIH'),
(478,	2.5,	'2022-01-08 01:46:00',	't',	'NAO21',	'NAOP0J43D5'),
(479,	2.1,	'2022-01-08 01:59:00',	'f',	'MO03',	'OOZSJ49IT'),
(480,	3.4,	'2022-01-08 02:00:00',	'f',	'KO01',	'NAOP0J43D5'),
(481,	2.5,	'2022-01-08 02:28:00',	't',	'NAO21',	'NAOHL1N13J'),
(482,	3.25,	'2022-01-08 03:34:00',	't',	'NO05',	'NORCBPLJD'),
(483,	2,	'2022-01-08 03:47:00',	'f',	'EG34',	'AMLJH75LX'),
(484,	2.8,	'2022-01-08 03:55:00',	't',	'AM08',	'AMNT3W5UZ'),
(485,	3.6,	'2022-01-08 03:59:00',	't',	'AM05',	'AMLJH75LX'),
(486,	2.5,	'2022-01-08 04:06:00',	't',	'NAO07',	'NAO5ZJA8DZ'),
(487,	2.5,	'2022-01-08 04:09:00',	't',	'NAO26',	'NAOHAFEYUH'),
(488,	1.6,	'2022-01-08 04:13:00',	't',	'EG21',	'EGF1T2TAL'),
(489,	14.7,	'2022-01-08 05:14:00',	'f',	'GE02',	'OO3KKV9RF'),
(490,	2.5,	'2022-01-08 05:16:00',	't',	'NAO12',	'NAO09SKDGI'),
(491,	2.5,	'2022-01-08 05:16:00',	'f',	'NAO26',	'EGSEIMVIH'),
(492,	2.2,	'2022-01-08 05:22:00',	'f',	'AM04',	'KOWKTAKPU'),
(493,	3.4,	'2022-01-08 05:48:00',	't',	'KO01',	'KOJDP0LVS'),
(494,	3.4,	'2022-01-08 05:49:00',	't',	'KO01',	'KOJDP0LVS'),
(495,	3.35,	'2022-01-08 06:05:00',	't',	'NO11',	'NOE1V2ISQ'),
(496,	1.9,	'2022-01-08 06:18:00',	'f',	'OO07',	'EGC11ERTJ'),
(497,	2.5,	'2022-01-08 06:19:00',	't',	'NAO24',	'NAONSM43D8'),
(498,	2.4,	'2022-01-08 06:41:00',	'f',	'OO03',	'KOWM31YIH'),
(499,	1.4,	'2022-01-08 06:44:00',	't',	'EG19',	'EGVWPVS7H'),
(500,	2.4,	'2022-01-08 07:02:00',	't',	'OO03',	'OOZSJ49IT'),
(501,	2.2,	'2022-01-08 07:35:00',	'f',	'AM04',	'EGYTJXEPQ'),
(502,	3.1,	'2022-01-08 07:42:00',	't',	'AM09',	'AMH9SDBDW'),
(503,	1.9,	'2022-01-08 08:00:00',	't',	'OO08',	'OOZSJ49IT'),
(504,	1.5,	'2022-01-08 08:24:00',	't',	'EG29',	'EGUT0CVS4'),
(505,	3.25,	'2022-01-08 09:13:00',	't',	'NO03',	'NOE1V2ISQ'),
(506,	2.5,	'2022-01-08 09:53:00',	't',	'NAO16',	'NAOBMYOFQE'),
(507,	3.5,	'2022-01-08 09:56:00',	't',	'OO05',	'OOZSJ49IT'),
(508,	2.5,	'2022-01-08 09:58:00',	't',	'NAO41',	'NAOP0J43D5'),
(509,	1.9,	'2022-01-08 11:14:00',	'f',	'OO07',	'EGF1T2TAL'),
(510,	1.4,	'2022-01-08 11:55:00',	't',	'EG24',	'EGYTJXEPQ'),
(511,	2,	'2022-01-08 11:57:00',	't',	'AM01',	'AMH9SDBDW'),
(512,	1.7,	'2022-01-08 12:20:00',	't',	'EG06',	'EGC11ERTJ'),
(513,	3.85,	'2022-01-08 12:32:00',	'f',	'NO02',	'NAOLY8OZCY'),
(514,	1.4,	'2022-01-08 12:59:00',	'f',	'EG19',	'NORCBPLJD'),
(515,	3.5,	'2022-01-08 13:08:00',	't',	'OO05',	'OO3KKV9RF'),
(516,	2.05,	'2022-01-08 13:09:00',	't',	'KO09',	'KOWM31YIH'),
(517,	2.3,	'2022-01-08 13:14:00',	't',	'OO02',	'OOZSJ49IT'),
(518,	2.5,	'2022-01-08 13:41:00',	't',	'NAO23',	'NAOHL1N13J'),
(519,	2.5,	'2022-01-08 14:00:00',	'f',	'NAO39',	'AMNT3W5UZ'),
(520,	3.4,	'2022-01-08 14:04:00',	'f',	'KO02',	'AMHJ7XVG0'),
(521,	2.5,	'2022-01-08 14:10:00',	'f',	'NAO21',	'EGC11ERTJ'),
(522,	2.5,	'2022-01-08 14:26:00',	't',	'NAO09',	'NAO5UQPGB7'),
(523,	3.55,	'2022-01-08 14:56:00',	't',	'NO08',	'NORCBPLJD'),
(524,	2.5,	'2022-01-08 15:12:00',	't',	'NAO28',	'NAONSM43D8'),
(525,	2.5,	'2022-01-08 15:15:00',	't',	'NAO12',	'NAOHL1N13J'),
(526,	1.6,	'2022-01-08 16:09:00',	't',	'EG21',	'EG9CHJ755'),
(527,	3.55,	'2022-01-08 16:49:00',	't',	'NO08',	'NOQLL8OS9'),
(528,	3.25,	'2022-01-08 17:15:00',	't',	'NO04',	'NOXFGCAQV'),
(529,	3.5,	'2022-01-08 17:33:00',	'f',	'OO06',	'EGC11ERTJ'),
(530,	3.85,	'2022-01-08 17:45:00',	't',	'NO01',	'NOXFGCAQV'),
(531,	1.7,	'2022-01-08 18:10:00',	't',	'EG06',	'EGUT0CVS4'),
(532,	1.9,	'2022-01-08 18:10:00',	't',	'OO07',	'OOQ0OXFQ8'),
(533,	4.2,	'2022-01-08 18:48:00',	'f',	'NO10',	'KOWKTAKPU'),
(534,	1.9,	'2022-01-08 19:05:00',	't',	'KO05',	'KONCXLL4Z'),
(535,	2.5,	'2022-01-08 19:38:00',	't',	'NAO10',	'NAOHAFEYUH'),
(536,	2.5,	'2022-01-08 20:04:00',	't',	'NAO18',	'NAO5ZJA8DZ'),
(537,	3.25,	'2022-01-08 20:58:00',	'f',	'NO05',	'AMNT3W5UZ'),
(538,	3.4,	'2022-01-08 20:59:00',	'f',	'KO02',	'NAOURTP0LZ'),
(539,	2.5,	'2022-01-08 21:53:00',	't',	'NAO24',	'NAOHL1N13J'),
(540,	2.5,	'2022-01-08 22:03:00',	'f',	'NAO26',	'NO7PTX63C'),
(541,	4.2,	'2022-01-08 22:20:00',	'f',	'NO09',	'NAOHL1N13J'),
(542,	4.15,	'2022-01-08 22:57:00',	't',	'NO14',	'NOXFGCAQV'),
(543,	2.05,	'2022-01-08 23:01:00',	't',	'KO09',	'KOWM31YIH'),
(544,	2.95,	'2022-01-08 23:08:00',	't',	'KO03',	'KONCXLL4Z'),
(545,	1.8,	'2022-01-08 23:21:00',	't',	'EG25',	'EGVWPVS7H'),
(546,	1.9,	'2022-01-09 00:01:00',	't',	'KO05',	'KOWM31YIH'),
(547,	1.7,	'2022-01-09 00:03:00',	't',	'EG05',	'EGIGQPKI7'),
(548,	2.95,	'2022-01-09 00:23:00',	'f',	'KO04',	'MOJCKJLTE'),
(549,	1.85,	'2022-01-09 00:24:00',	't',	'KO07',	'KOJDP0LVS'),
(550,	3.25,	'2022-01-09 00:55:00',	't',	'NO03',	'NORCBPLJD'),
(551,	3.5,	'2022-01-09 00:57:00',	'f',	'OO06',	'EGYTJXEPQ'),
(552,	1.9,	'2022-01-09 01:06:00',	't',	'OO07',	'OO7PZE9VI'),
(553,	3.85,	'2022-01-09 01:08:00',	't',	'NO02',	'NOXFGCAQV'),
(554,	2.5,	'2022-01-09 01:10:00',	't',	'NAO26',	'NAO09SKDGI'),
(555,	1,	'2022-01-09 01:14:00',	'f',	'EG35',	'NAOP0J43D5'),
(556,	1.8,	'2022-01-09 01:42:00',	't',	'EG07',	'EGSEIMVIH'),
(557,	2.5,	'2022-01-09 02:59:00',	't',	'NAO29',	'NAONSM43D8'),
(558,	2.4,	'2022-01-09 03:31:00',	't',	'OO03',	'OOQ0OXFQ8'),
(559,	2.3,	'2022-01-09 03:35:00',	'f',	'OO02',	'NOQLL8OS9'),
(560,	3.85,	'2022-01-09 04:03:00',	't',	'NO02',	'NOX6GVWRD'),
(561,	2.7,	'2022-01-09 04:38:00',	't',	'MO09',	'MOJCKJLTE'),
(562,	2.05,	'2022-01-09 04:40:00',	'f',	'MO11',	'EGC11ERTJ'),
(563,	1.7,	'2022-01-09 04:52:00',	'f',	'EG06',	'OOQ0OXFQ8'),
(564,	1.8,	'2022-01-09 05:30:00',	't',	'EG25',	'EGUT0CVS4'),
(565,	4.15,	'2022-01-09 05:31:00',	'f',	'NO13',	'EGIGQPKI7'),
(566,	2.5,	'2022-01-09 05:57:00',	'f',	'NAO20',	'AMH9SDBDW'),
(567,	1.2,	'2022-01-09 07:04:00',	't',	'EG14',	'EGC11ERTJ'),
(568,	3.1,	'2022-01-09 07:25:00',	'f',	'AM09',	'KOWM31YIH'),
(569,	1.8,	'2022-01-09 08:04:00',	't',	'EG07',	'EGUT0CVS4'),
(570,	2.5,	'2022-01-09 08:16:00',	'f',	'NAO06',	'OO7PZE9VI'),
(571,	2.5,	'2022-01-09 08:19:00',	't',	'OO09',	'OO3KKV9RF'),
(572,	2.05,	'2022-01-09 08:41:00',	'f',	'KO09',	'EGUT0CVS4'),
(573,	1.85,	'2022-01-09 08:42:00',	't',	'KO07',	'KOJDP0LVS'),
(574,	1.7,	'2022-01-09 08:51:00',	't',	'EG05',	'EGIGQPKI7'),
(575,	1.8,	'2022-01-09 09:03:00',	'f',	'EG26',	'KOWM31YIH'),
(576,	2,	'2022-01-09 09:04:00',	'f',	'AM02',	'EGVWPVS7H'),
(577,	2.5,	'2022-01-09 09:11:00',	'f',	'NAO21',	'EGIGQPKI7'),
(578,	2.8,	'2022-01-09 09:18:00',	't',	'AM08',	'AMXAJI0Y6'),
(579,	3.15,	'2022-01-09 09:39:00',	'f',	'MO08',	'KONCXLL4Z'),
(580,	1.7,	'2022-01-09 09:46:00',	'f',	'EG06',	'KOWKTAKPU'),
(581,	1.9,	'2022-01-09 09:58:00',	'f',	'OO08',	'NAOHL1N13J'),
(582,	2.5,	'2022-01-09 10:53:00',	't',	'NAO31',	'NAOURTP0LZ'),
(583,	1.4,	'2022-01-09 11:11:00',	'f',	'EG31',	'KOWKTAKPU'),
(584,	1.2,	'2022-01-09 11:31:00',	't',	'EG13',	'EGVWPVS7H'),
(585,	2.5,	'2022-01-09 11:57:00',	'f',	'NAO07',	'AMV3A3ZMF'),
(586,	2.5,	'2022-01-09 12:15:00',	't',	'NAO38',	'NAOHAFEYUH'),
(587,	1.5,	'2022-01-09 12:47:00',	't',	'EG29',	'EGC11ERTJ'),
(588,	3.85,	'2022-01-09 12:52:00',	't',	'NO01',	'NOX6GVWRD'),
(589,	2.1,	'2022-01-09 13:09:00',	't',	'MO03',	'MOJCKJLTE'),
(590,	1.2,	'2022-01-09 13:13:00',	't',	'EG03',	'EGC11ERTJ'),
(591,	3.1,	'2022-01-09 13:14:00',	't',	'AM10',	'AMV3A3ZMF'),
(592,	1.2,	'2022-01-09 13:22:00',	't',	'EG03',	'EGUT0CVS4'),
(593,	3,	'2022-01-09 13:31:00',	't',	'EG01',	'EGRHOCN9J'),
(594,	3.4,	'2022-01-09 14:10:00',	'f',	'KO02',	'NAOVZ41NAM'),
(595,	2.5,	'2022-01-09 14:48:00',	't',	'NAO16',	'NAOBMYOFQE'),
(596,	2.4,	'2022-01-09 14:58:00',	't',	'OO04',	'OO7PZE9VI'),
(597,	4.2,	'2022-01-09 15:51:00',	't',	'NO10',	'NOQLL8OS9'),
(598,	2.5,	'2022-01-09 16:40:00',	't',	'NAO30',	'NAOBMYOFQE'),
(599,	3.35,	'2022-01-09 17:00:00',	't',	'NO12',	'NOQLL8OS9'),
(600,	3.1,	'2022-01-09 17:06:00',	't',	'AM10',	'AMHJ7XVG0'),
(601,	3.55,	'2022-01-09 17:11:00',	't',	'NO07',	'NOE1V2ISQ'),
(602,	2.7,	'2022-01-09 17:17:00',	't',	'MO09',	'MOJCKJLTE'),
(603,	2.5,	'2022-01-09 17:26:00',	't',	'NAO03',	'NAOURTP0LZ'),
(604,	1.9,	'2022-01-09 17:27:00',	't',	'KO05',	'KOJDP0LVS'),
(605,	2.6,	'2022-01-09 17:30:00',	't',	'MO05',	'MOJCKJLTE'),
(606,	1.85,	'2022-01-09 17:40:00',	'f',	'KO08',	'NAOLY8OZCY'),
(607,	3.1,	'2022-01-09 17:47:00',	'f',	'AM09',	'NORCBPLJD'),
(608,	2.3,	'2022-01-09 17:56:00',	't',	'OO01',	'OO1B0Z3NX'),
(609,	2.5,	'2022-01-09 17:58:00',	't',	'NAO06',	'NAOLY8OZCY'),
(610,	1.6,	'2022-01-09 18:07:00',	'f',	'EG21',	'NAOP0J43D5'),
(611,	3,	'2022-01-09 18:14:00',	't',	'EG02',	'EGUT0CVS4'),
(612,	2.5,	'2022-01-09 18:21:00',	't',	'NAO01',	'NAOURTP0LZ'),
(613,	0.5,	'2022-01-09 18:35:00',	't',	'EG12',	'EGC11ERTJ'),
(614,	2.05,	'2022-01-09 18:45:00',	't',	'KO09',	'KOWM31YIH'),
(615,	2,	'2022-01-09 18:46:00',	't',	'EG33',	'EGRHOCN9J'),
(616,	1.5,	'2022-01-09 18:47:00',	't',	'EG30',	'EG9CHJ755'),
(617,	1.4,	'2022-01-09 18:58:00',	't',	'EG24',	'EGSEIMVIH'),
(618,	3.25,	'2022-01-09 19:11:00',	'f',	'NO04',	'EGVWPVS7H'),
(619,	0.5,	'2022-01-09 19:59:00',	't',	'EG11',	'EG9CHJ755'),
(620,	1.4,	'2022-01-09 20:01:00',	'f',	'EG31',	'NOE1V2ISQ'),
(621,	1.4,	'2022-01-09 20:13:00',	't',	'EG27',	'EGYTJXEPQ'),
(622,	2,	'2022-01-09 20:32:00',	't',	'AM01',	'AMHJ7XVG0'),
(623,	2.5,	'2022-01-09 20:38:00',	't',	'NAO26',	'NAOLY8OZCY'),
(624,	3.55,	'2022-01-09 20:52:00',	'f',	'NO07',	'NAO09SKDGI'),
(625,	3.35,	'2022-01-09 21:04:00',	'f',	'NO12',	'EG7UR23GD'),
(626,	2,	'2022-01-09 21:59:00',	't',	'AM02',	'AMNT3W5UZ'),
(627,	1.9,	'2022-01-09 22:06:00',	't',	'KO05',	'KOJDP0LVS'),
(628,	3.5,	'2022-01-09 22:34:00',	't',	'OO05',	'OOZSJ49IT'),
(629,	2.8,	'2022-01-09 22:43:00',	't',	'AM08',	'AMXAJI0Y6'),
(630,	1.2,	'2022-01-09 22:48:00',	't',	'EG04',	'EGYTJXEPQ'),
(631,	3,	'2022-01-09 22:54:00',	'f',	'EG01',	'NORCBPLJD'),
(632,	1.4,	'2022-01-09 22:54:00',	't',	'EG37',	'EGVWPVS7H'),
(633,	2.5,	'2022-01-09 23:11:00',	'f',	'NAO25',	'OO3KKV9RF'),
(634,	2.5,	'2022-01-09 23:51:00',	'f',	'NAO09',	'EGRHOCN9J'),
(635,	3.15,	'2022-01-10 00:10:00',	't',	'MO08',	'MOV86WZS3'),
(636,	1.4,	'2022-01-10 00:14:00',	't',	'EG31',	'EGYTJXEPQ'),
(637,	2.5,	'2022-01-10 00:36:00',	't',	'NAO06',	'NAOLY8OZCY'),
(638,	2.05,	'2022-01-10 01:04:00',	'f',	'MO12',	'AMH9SDBDW'),
(639,	1.4,	'2022-01-10 01:10:00',	'f',	'EG37',	'NOE1V2ISQ'),
(640,	2.5,	'2022-01-10 01:27:00',	't',	'NAO12',	'NAOBMYOFQE'),
(641,	3.85,	'2022-01-10 01:37:00',	't',	'NO02',	'NO7PTX63C'),
(642,	2.05,	'2022-01-10 01:39:00',	't',	'KO10',	'KOWM31YIH'),
(643,	1.85,	'2022-01-10 02:08:00',	't',	'KO07',	'KONCXLL4Z'),
(644,	3.6,	'2022-01-10 02:21:00',	't',	'AM06',	'AMNT3W5UZ'),
(645,	2.5,	'2022-01-10 02:33:00',	't',	'NAO27',	'NAO5UQPGB7'),
(646,	3.1,	'2022-01-10 02:39:00',	'f',	'AM09',	'OO3KKV9RF'),
(647,	1,	'2022-01-10 02:42:00',	'f',	'EG36',	'NAONSM43D8'),
(648,	2.5,	'2022-01-10 03:04:00',	't',	'NAO21',	'NAOHAFEYUH'),
(649,	1.35,	'2022-01-10 03:11:00',	'f',	'MO01',	'NO7PTX63C'),
(650,	1.9,	'2022-01-10 03:18:00',	't',	'OO07',	'OO3KKV9RF'),
(651,	0.9,	'2022-01-10 03:27:00',	't',	'EG09',	'EGIGQPKI7'),
(652,	2.6,	'2022-01-10 03:42:00',	't',	'MO05',	'MOV86WZS3'),
(653,	2.8,	'2022-01-10 03:43:00',	'f',	'AM07',	'NAOP0J43D5'),
(654,	1.85,	'2022-01-10 03:54:00',	't',	'KO08',	'KOWM31YIH'),
(655,	2.8,	'2022-01-10 04:36:00',	'f',	'AM08',	'OO1B0Z3NX'),
(656,	2.5,	'2022-01-10 05:18:00',	't',	'NAO40',	'NAONSM43D8'),
(657,	0.5,	'2022-01-10 05:24:00',	'f',	'EG12',	'NAOP0J43D5'),
(658,	2.2,	'2022-01-10 05:29:00',	'f',	'AM03',	'EGC11ERTJ'),
(659,	2.6,	'2022-01-10 05:45:00',	't',	'MO05',	'MOJCKJLTE'),
(660,	2.95,	'2022-01-10 05:47:00',	'f',	'KO03',	'NAOURTP0LZ'),
(661,	1.6,	'2022-01-10 05:53:00',	'f',	'EG21',	'AMH9SDBDW'),
(662,	3.6,	'2022-01-10 05:57:00',	't',	'AM05',	'AMH9SDBDW'),
(663,	3.5,	'2022-01-10 06:02:00',	'f',	'OO06',	'KOJDP0LVS'),
(664,	2,	'2022-01-10 06:50:00',	't',	'AM02',	'AMV3A3ZMF'),
(665,	3.85,	'2022-01-10 06:57:00',	't',	'NO01',	'NORCBPLJD'),
(666,	3.5,	'2022-01-10 07:08:00',	't',	'OO05',	'OO1B0Z3NX'),
(667,	2.5,	'2022-01-10 07:09:00',	't',	'NAO15',	'NAOBMYOFQE'),
(668,	2.5,	'2022-01-10 07:39:00',	't',	'NAO13',	'NAOHL1N13J'),
(669,	2.5,	'2022-01-10 07:42:00',	't',	'NAO08',	'NAOHL1N13J'),
(670,	2.5,	'2022-01-10 07:47:00',	'f',	'NAO19',	'EGYTJXEPQ'),
(671,	2,	'2022-01-10 07:58:00',	't',	'EG33',	'EG9CHJ755'),
(672,	2.2,	'2022-01-10 08:06:00',	't',	'AM04',	'AMNT3W5UZ'),
(673,	2,	'2022-01-10 08:49:00',	'f',	'AM01',	'OO7PZE9VI'),
(674,	1.2,	'2022-01-10 08:57:00',	't',	'EG16',	'EGIGQPKI7'),
(675,	1,	'2022-01-10 09:11:00',	't',	'EG36',	'EGF1T2TAL'),
(676,	2.5,	'2022-01-10 09:20:00',	't',	'NAO09',	'NAONSM43D8'),
(677,	1.2,	'2022-01-10 09:22:00',	't',	'EG03',	'EGUT0CVS4'),
(678,	2,	'2022-01-10 09:26:00',	't',	'EG34',	'EGUT0CVS4'),
(679,	3.85,	'2022-01-10 09:30:00',	'f',	'NO01',	'OOQ0OXFQ8'),
(680,	1.4,	'2022-01-10 09:41:00',	't',	'EG19',	'EGIGQPKI7'),
(681,	4.2,	'2022-01-10 10:16:00',	't',	'NO10',	'NOXFGCAQV'),
(682,	2.5,	'2022-01-10 10:17:00',	't',	'NAO33',	'NAOHL1N13J'),
(683,	2.5,	'2022-01-10 10:23:00',	't',	'NAO21',	'NAO5UQPGB7'),
(684,	2.2,	'2022-01-10 10:24:00',	't',	'AM03',	'AMLJH75LX'),
(685,	3,	'2022-01-10 11:27:00',	't',	'EG02',	'EGVWPVS7H'),
(686,	2.5,	'2022-01-10 11:51:00',	't',	'NAO24',	'NAO5ZJA8DZ'),
(687,	4.2,	'2022-01-10 12:07:00',	't',	'NO10',	'NOQLL8OS9'),
(688,	1.4,	'2022-01-10 12:19:00',	't',	'EG20',	'EGIGQPKI7'),
(689,	2.05,	'2022-01-10 12:58:00',	't',	'KO09',	'KONCXLL4Z'),
(690,	3.85,	'2022-01-10 13:27:00',	'f',	'NO02',	'EGC11ERTJ'),
(691,	2.5,	'2022-01-10 13:43:00',	'f',	'NAO09',	'NOX6GVWRD'),
(692,	2,	'2022-01-10 13:51:00',	't',	'AM02',	'AMNT3W5UZ'),
(693,	4.15,	'2022-01-10 14:06:00',	't',	'NO14',	'NORCBPLJD'),
(694,	3.35,	'2022-01-10 14:27:00',	't',	'NO11',	'NOQLL8OS9'),
(695,	2.5,	'2022-01-10 14:30:00',	't',	'NAO01',	'NAOLY8OZCY'),
(696,	1.7,	'2022-01-10 14:33:00',	't',	'EG06',	'EGVWPVS7H'),
(697,	1.6,	'2022-01-10 15:05:00',	'f',	'EG22',	'NAOBMYOFQE'),
(698,	3.6,	'2022-01-10 15:12:00',	'f',	'AM05',	'NAONSM43D8'),
(699,	2.5,	'2022-01-10 15:14:00',	't',	'OO09',	'OO1B0Z3NX'),
(700,	3.4,	'2022-01-10 15:15:00',	't',	'KO01',	'KONCXLL4Z'),
(701,	2.5,	'2022-01-10 15:21:00',	't',	'OO10',	'OOQ0OXFQ8'),
(702,	2.5,	'2022-01-10 15:28:00',	't',	'OO09',	'OO1B0Z3NX'),
(703,	2.5,	'2022-01-10 15:41:00',	't',	'NAO35',	'NAOBMYOFQE'),
(704,	3.85,	'2022-01-10 15:50:00',	'f',	'NO01',	'NAOVZ41NAM'),
(705,	1.4,	'2022-01-10 15:52:00',	't',	'EG24',	'EGVWPVS7H'),
(706,	0.9,	'2022-01-10 16:01:00',	'f',	'EG10',	'NAO09SKDGI'),
(707,	14.7,	'2022-01-10 16:16:00',	'f',	'GE02',	'AMNT3W5UZ'),
(708,	1.4,	'2022-01-10 17:01:00',	't',	'EG28',	'EGIGQPKI7'),
(709,	1.4,	'2022-01-10 17:16:00',	't',	'EG28',	'EGSEIMVIH'),
(710,	4.2,	'2022-01-10 17:28:00',	'f',	'NO10',	'AMV3A3ZMF'),
(711,	2.5,	'2022-01-10 17:29:00',	't',	'NAO31',	'NAO09SKDGI'),
(712,	2.4,	'2022-01-10 18:01:00',	't',	'OO03',	'OO1B0Z3NX'),
(713,	3.55,	'2022-01-10 18:20:00',	'f',	'NO07',	'NAOP0J43D5'),
(714,	1.8,	'2022-01-10 19:56:00',	't',	'EG08',	'EG7UR23GD'),
(715,	2.95,	'2022-01-10 20:12:00',	't',	'KO03',	'KONCXLL4Z'),
(716,	3.6,	'2022-01-10 20:31:00',	'f',	'AM06',	'NAOBMYOFQE'),
(717,	1.7,	'2022-01-10 20:38:00',	't',	'EG05',	'EGYTJXEPQ'),
(718,	3.6,	'2022-01-10 21:50:00',	't',	'AM05',	'AMH9SDBDW'),
(719,	2.5,	'2022-01-10 22:20:00',	't',	'NAO05',	'NAOLY8OZCY'),
(720,	14.7,	'2022-01-10 22:30:00',	'f',	'GE02',	'EGVWPVS7H'),
(721,	3.4,	'2022-01-10 22:51:00',	'f',	'KO01',	'NOXFGCAQV'),
(722,	2.5,	'2022-01-10 23:18:00',	'f',	'NAO08',	'AMNT3W5UZ'),
(723,	1,	'2022-01-11 00:24:00',	'f',	'EG36',	'MOV86WZS3'),
(724,	3.25,	'2022-01-11 00:54:00',	'f',	'NO04',	'KOIXA11DP'),
(725,	1.2,	'2022-01-11 01:03:00',	'f',	'EG15',	'AMHJ7XVG0'),
(726,	2.6,	'2022-01-11 01:07:00',	't',	'MO06',	'MOJCKJLTE'),
(727,	2.3,	'2022-01-11 01:25:00',	't',	'OO02',	'OO1B0Z3NX'),
(728,	3,	'2022-01-11 01:41:00',	't',	'EG02',	'EGIGQPKI7'),
(729,	3.6,	'2022-01-11 02:02:00',	't',	'AM06',	'AMNT3W5UZ'),
(730,	2.5,	'2022-01-11 02:07:00',	'f',	'NAO29',	'EGC11ERTJ'),
(731,	2.5,	'2022-01-11 02:07:00',	't',	'NAO32',	'NAOP0J43D5'),
(732,	3.5,	'2022-01-11 02:31:00',	'f',	'OO06',	'KOIXA11DP'),
(733,	1.4,	'2022-01-11 02:40:00',	't',	'EG37',	'EGSEIMVIH'),
(734,	1.8,	'2022-01-11 03:19:00',	't',	'EG26',	'EG9CHJ755'),
(735,	2.95,	'2022-01-11 03:26:00',	't',	'KO03',	'KOJDP0LVS'),
(736,	2.5,	'2022-01-11 03:40:00',	't',	'NAO33',	'NAOURTP0LZ'),
(737,	3.5,	'2022-01-11 03:49:00',	't',	'OO05',	'OO3KKV9RF'),
(738,	14.7,	'2022-01-11 03:57:00',	't',	'GE02',	'GE5A0L725'),
(739,	2.5,	'2022-01-11 04:13:00',	'f',	'NAO03',	'KOJDP0LVS'),
(740,	3.25,	'2022-01-11 04:13:00',	't',	'NO03',	'NORCBPLJD'),
(741,	1,	'2022-01-11 04:18:00',	'f',	'EG36',	'NOE1V2ISQ'),
(742,	1.2,	'2022-01-11 04:33:00',	't',	'EG16',	'EGYTJXEPQ'),
(743,	3.55,	'2022-01-11 04:34:00',	'f',	'NO07',	'AMV3A3ZMF'),
(744,	2.6,	'2022-01-11 05:18:00',	'f',	'MO05',	'NAOP0J43D5'),
(745,	2.5,	'2022-01-11 06:26:00',	't',	'NAO25',	'NAO09SKDGI'),
(746,	2.5,	'2022-01-11 06:29:00',	't',	'NAO10',	'NAOLY8OZCY'),
(747,	2.3,	'2022-01-11 06:38:00',	't',	'OO01',	'OOZSJ49IT'),
(748,	1.9,	'2022-01-11 07:00:00',	'f',	'OO08',	'AMNT3W5UZ'),
(749,	2.05,	'2022-01-11 07:04:00',	't',	'KO09',	'KOWM31YIH'),
(750,	3.6,	'2022-01-11 07:10:00',	't',	'AM05',	'AMLJH75LX'),
(751,	1.5,	'2022-01-11 08:13:00',	't',	'EG29',	'EG7UR23GD'),
(752,	1.8,	'2022-01-11 08:19:00',	'f',	'EG26',	'AMHJ7XVG0'),
(753,	3.4,	'2022-01-11 09:05:00',	'f',	'KO01',	'OO3KKV9RF'),
(754,	2.5,	'2022-01-11 09:25:00',	't',	'NAO41',	'NAO09SKDGI'),
(755,	1.4,	'2022-01-11 10:04:00',	't',	'EG37',	'EGIGQPKI7'),
(756,	2.5,	'2022-01-11 10:13:00',	't',	'NAO38',	'NAO5ZJA8DZ'),
(757,	1.2,	'2022-01-11 10:32:00',	'f',	'EG14',	'AMH9SDBDW'),
(758,	2,	'2022-01-11 10:36:00',	'f',	'EG33',	'AMHJ7XVG0'),
(759,	2.8,	'2022-01-11 10:52:00',	'f',	'AM08',	'EGYTJXEPQ'),
(760,	2.95,	'2022-01-11 11:03:00',	'f',	'KO03',	'NAOBMYOFQE'),
(761,	2.5,	'2022-01-11 11:44:00',	't',	'NAO41',	'NAOHL1N13J'),
(762,	1.4,	'2022-01-11 12:46:00',	'f',	'EG32',	'NAOBMYOFQE'),
(763,	2,	'2022-01-11 12:48:00',	't',	'AM02',	'AMH9SDBDW'),
(764,	0.5,	'2022-01-11 12:56:00',	'f',	'EG11',	'OO1B0Z3NX'),
(765,	2,	'2022-01-11 14:06:00',	'f',	'AM01',	'EGRHOCN9J'),
(766,	3.35,	'2022-01-11 14:29:00',	't',	'NO12',	'NOXFGCAQV'),
(767,	0.9,	'2022-01-11 14:50:00',	't',	'EG10',	'EGVWPVS7H'),
(768,	0.5,	'2022-01-11 14:57:00',	't',	'EG11',	'EG9CHJ755'),
(769,	1.2,	'2022-01-11 15:00:00',	't',	'EG16',	'EGYTJXEPQ'),
(770,	0.9,	'2022-01-11 15:15:00',	't',	'EG10',	'EGYTJXEPQ'),
(771,	2.5,	'2022-01-11 15:15:00',	't',	'NAO07',	'NAO5ZJA8DZ'),
(772,	2.5,	'2022-01-11 15:25:00',	't',	'NAO14',	'NAO5ZJA8DZ'),
(773,	2.5,	'2022-01-11 15:42:00',	'f',	'NAO26',	'KOJDP0LVS'),
(774,	2.5,	'2022-01-11 16:22:00',	't',	'NAO11',	'NAO09SKDGI'),
(775,	2.5,	'2022-01-11 17:30:00',	'f',	'OO10',	'AMHJ7XVG0'),
(776,	2.5,	'2022-01-11 17:42:00',	't',	'NAO40',	'NAOP0J43D5'),
(777,	3.35,	'2022-01-11 18:19:00',	't',	'NO11',	'NOXFGCAQV'),
(778,	2,	'2022-01-11 18:27:00',	't',	'AM02',	'AMXAJI0Y6'),
(779,	1.4,	'2022-01-11 18:36:00',	't',	'EG24',	'EGIGQPKI7'),
(780,	2.05,	'2022-01-11 19:30:00',	't',	'KO09',	'KOJDP0LVS'),
(781,	3.25,	'2022-01-11 19:49:00',	't',	'NO05',	'NO7PTX63C'),
(782,	1.9,	'2022-01-11 19:52:00',	't',	'OO08',	'OO3KKV9RF'),
(783,	2.5,	'2022-01-11 20:04:00',	'f',	'NAO03',	'KOIXA11DP'),
(784,	1.4,	'2022-01-11 21:19:00',	't',	'EG31',	'EGC11ERTJ'),
(785,	1.4,	'2022-01-11 21:30:00',	't',	'EG37',	'EGUT0CVS4'),
(786,	2.5,	'2022-01-11 21:36:00',	't',	'NAO05',	'NAOP0J43D5'),
(787,	2.1,	'2022-01-11 21:44:00',	't',	'EG18',	'EGC11ERTJ'),
(788,	2.5,	'2022-01-11 21:54:00',	'f',	'NAO18',	'EGF1T2TAL'),
(789,	2.5,	'2022-01-11 21:59:00',	't',	'NAO03',	'NAOLY8OZCY'),
(790,	0.9,	'2022-01-11 22:05:00',	't',	'EG10',	'EG9CHJ755'),
(791,	3.4,	'2022-01-11 22:07:00',	'f',	'KO02',	'EGIGQPKI7'),
(792,	4.2,	'2022-01-11 22:21:00',	'f',	'NO09',	'EGRHOCN9J'),
(793,	1.2,	'2022-01-11 22:48:00',	't',	'EG15',	'EGF1T2TAL'),
(794,	1.5,	'2022-01-11 23:15:00',	't',	'EG30',	'EG7UR23GD'),
(795,	2,	'2022-01-11 23:18:00',	't',	'AM02',	'AMLJH75LX'),
(796,	3.55,	'2022-01-11 23:25:00',	't',	'NO07',	'NOE1V2ISQ'),
(797,	2.3,	'2022-01-12 00:06:00',	'f',	'OO02',	'NAOP0J43D5'),
(798,	1.9,	'2022-01-12 00:40:00',	't',	'KO05',	'KOWKTAKPU'),
(799,	1.85,	'2022-01-12 02:06:00',	't',	'KO07',	'KOIXA11DP'),
(800,	3.6,	'2022-01-12 02:07:00',	't',	'AM05',	'AMH9SDBDW'),
(801,	2.5,	'2022-01-12 02:24:00',	't',	'NAO11',	'NAOLY8OZCY'),
(802,	1.7,	'2022-01-12 02:37:00',	't',	'EG05',	'EGC11ERTJ'),
(803,	2.5,	'2022-01-12 02:43:00',	't',	'NAO23',	'NAONSM43D8'),
(804,	2.5,	'2022-01-12 03:04:00',	'f',	'NAO24',	'NORCBPLJD'),
(805,	2.95,	'2022-01-12 03:20:00',	't',	'KO03',	'KOWKTAKPU'),
(806,	3.6,	'2022-01-12 03:43:00',	't',	'AM05',	'AMHJ7XVG0'),
(807,	2.5,	'2022-01-12 03:43:00',	't',	'NAO07',	'NAOVZ41NAM'),
(808,	3.85,	'2022-01-12 04:32:00',	't',	'NO01',	'NOE1V2ISQ'),
(809,	3.85,	'2022-01-12 05:09:00',	't',	'NO02',	'NOXFGCAQV'),
(810,	2.2,	'2022-01-12 05:43:00',	'f',	'AM03',	'MOJCKJLTE'),
(811,	3.25,	'2022-01-12 05:55:00',	't',	'NO05',	'NORCBPLJD'),
(812,	2,	'2022-01-12 06:27:00',	't',	'AM02',	'AMH9SDBDW'),
(813,	2.5,	'2022-01-12 06:54:00',	'f',	'NAO29',	'OO3KKV9RF'),
(814,	2,	'2022-01-12 07:01:00',	't',	'AM01',	'AMNT3W5UZ'),
(815,	2.5,	'2022-01-12 07:44:00',	'f',	'NAO16',	'EGIGQPKI7'),
(816,	2.05,	'2022-01-12 08:38:00',	't',	'KO09',	'KONCXLL4Z'),
(817,	1.4,	'2022-01-12 09:13:00',	't',	'EG20',	'EGSEIMVIH'),
(818,	4.15,	'2022-01-12 10:08:00',	'f',	'NO14',	'EG9CHJ755'),
(819,	2.05,	'2022-01-12 10:16:00',	't',	'KO09',	'KOWM31YIH'),
(820,	2.5,	'2022-01-12 10:20:00',	'f',	'NAO26',	'OO3KKV9RF'),
(821,	2.2,	'2022-01-12 10:39:00',	't',	'AM04',	'AMH9SDBDW'),
(822,	3.85,	'2022-01-12 10:46:00',	't',	'NO01',	'NO7PTX63C'),
(823,	1.4,	'2022-01-12 11:13:00',	't',	'EG19',	'EGYTJXEPQ'),
(824,	2.5,	'2022-01-12 11:34:00',	't',	'OO10',	'OO1B0Z3NX'),
(825,	1,	'2022-01-12 11:46:00',	't',	'EG35',	'EGRHOCN9J'),
(826,	2.3,	'2022-01-12 12:10:00',	't',	'OO01',	'OO7PZE9VI'),
(827,	2.95,	'2022-01-12 12:16:00',	'f',	'KO03',	'AMNT3W5UZ'),
(828,	3.1,	'2022-01-12 12:28:00',	'f',	'AM10',	'GEX7EEDTJ'),
(829,	3.5,	'2022-01-12 12:38:00',	'f',	'OO05',	'EG9CHJ755'),
(830,	2.3,	'2022-01-12 12:50:00',	't',	'OO01',	'OOZSJ49IT'),
(831,	1.6,	'2022-01-12 13:04:00',	't',	'EG21',	'EGSEIMVIH'),
(832,	2,	'2022-01-12 13:26:00',	't',	'AM02',	'AMXAJI0Y6'),
(833,	2.95,	'2022-01-12 14:08:00',	't',	'KO03',	'KONCXLL4Z'),
(834,	1.85,	'2022-01-12 14:08:00',	't',	'KO08',	'KOWM31YIH'),
(835,	2.5,	'2022-01-12 14:16:00',	't',	'NAO09',	'NAOP0J43D5'),
(836,	4.2,	'2022-01-12 14:26:00',	't',	'NO09',	'NOE1V2ISQ'),
(837,	1.8,	'2022-01-12 14:50:00',	't',	'EG26',	'EG7UR23GD'),
(838,	4.2,	'2022-01-12 15:03:00',	't',	'NO09',	'NORCBPLJD'),
(839,	2.1,	'2022-01-12 15:05:00',	'f',	'EG17',	'KOWM31YIH'),
(840,	1.9,	'2022-01-12 15:48:00',	'f',	'KO05',	'OO7PZE9VI'),
(841,	2.3,	'2022-01-12 16:37:00',	't',	'OO02',	'OO3KKV9RF'),
(842,	2.5,	'2022-01-12 16:53:00',	'f',	'NAO10',	'AMV3A3ZMF'),
(843,	2.5,	'2022-01-12 17:20:00',	'f',	'NAO20',	'EG7UR23GD'),
(844,	2.5,	'2022-01-12 18:18:00',	't',	'NAO01',	'NAONSM43D8'),
(845,	4.2,	'2022-01-12 18:20:00',	't',	'NO09',	'NORCBPLJD'),
(846,	2.5,	'2022-01-12 20:18:00',	't',	'NAO30',	'NAONSM43D8'),
(847,	2.05,	'2022-01-12 20:45:00',	't',	'KO10',	'KONCXLL4Z'),
(848,	1.2,	'2022-01-12 20:51:00',	'f',	'EG14',	'KOWKTAKPU'),
(849,	2,	'2022-01-12 21:03:00',	't',	'AM02',	'AMHJ7XVG0'),
(850,	2.5,	'2022-01-12 21:07:00',	't',	'NAO26',	'NAOHAFEYUH'),
(851,	2.5,	'2022-01-12 21:21:00',	'f',	'OO09',	'EGVWPVS7H'),
(852,	1.8,	'2022-01-12 21:36:00',	'f',	'EG07',	'AMH9SDBDW'),
(853,	3.15,	'2022-01-12 21:47:00',	't',	'MO08',	'MOJCKJLTE'),
(854,	1.4,	'2022-01-12 22:08:00',	't',	'EG19',	'EG9CHJ755'),
(855,	3.25,	'2022-01-12 22:44:00',	't',	'NO04',	'NOX6GVWRD'),
(856,	3.6,	'2022-01-12 22:58:00',	't',	'AM05',	'AMXAJI0Y6'),
(857,	2.6,	'2022-01-12 23:15:00',	'f',	'MO05',	'NAOLY8OZCY'),
(858,	1.9,	'2022-01-12 23:24:00',	'f',	'KO06',	'NORCBPLJD'),
(859,	2.05,	'2022-01-12 23:43:00',	't',	'KO09',	'KOIXA11DP'),
(860,	0.5,	'2022-01-12 23:50:00',	't',	'EG12',	'EGF1T2TAL'),
(861,	3.25,	'2022-01-13 00:17:00',	'f',	'NO05',	'EGYTJXEPQ'),
(862,	2.5,	'2022-01-13 00:20:00',	't',	'NAO33',	'NAOURTP0LZ'),
(863,	2.5,	'2022-01-13 00:43:00',	'f',	'OO09',	'KOWM31YIH'),
(864,	2.3,	'2022-01-13 01:01:00',	'f',	'OO02',	'NAO09SKDGI'),
(865,	2.3,	'2022-01-13 01:44:00',	't',	'OO01',	'OOZSJ49IT'),
(866,	1.4,	'2022-01-13 01:49:00',	't',	'EG32',	'EGC11ERTJ'),
(867,	2.2,	'2022-01-13 01:54:00',	't',	'AM04',	'AMLJH75LX'),
(868,	2.5,	'2022-01-13 02:15:00',	'f',	'NAO11',	'EGSEIMVIH'),
(869,	2.5,	'2022-01-13 02:32:00',	'f',	'NAO30',	'EGVWPVS7H'),
(870,	3.25,	'2022-01-13 02:37:00',	't',	'NO05',	'NOQLL8OS9'),
(871,	2.2,	'2022-01-13 03:25:00',	'f',	'AM04',	'EGVWPVS7H'),
(872,	2.5,	'2022-01-13 03:32:00',	't',	'NAO38',	'NAO5ZJA8DZ'),
(873,	3.25,	'2022-01-13 03:52:00',	'f',	'NO05',	'NAOURTP0LZ'),
(874,	1.8,	'2022-01-13 04:26:00',	't',	'EG26',	'EGYTJXEPQ'),
(875,	2,	'2022-01-13 04:33:00',	'f',	'AM01',	'NAOLY8OZCY'),
(876,	4.2,	'2022-01-13 04:39:00',	't',	'NO10',	'NO7PTX63C'),
(877,	1.85,	'2022-01-13 04:56:00',	'f',	'KO07',	'EGC11ERTJ'),
(878,	2.5,	'2022-01-13 05:32:00',	'f',	'NAO09',	'KOJDP0LVS'),
(879,	2.5,	'2022-01-13 06:26:00',	'f',	'NAO26',	'EGF1T2TAL'),
(880,	2.05,	'2022-01-13 06:28:00',	't',	'KO09',	'KOJDP0LVS'),
(881,	3.25,	'2022-01-13 06:36:00',	'f',	'NO04',	'MOV86WZS3'),
(882,	3.5,	'2022-01-13 07:31:00',	'f',	'OO06',	'EG9CHJ755'),
(883,	3.5,	'2022-01-13 07:31:00',	't',	'OO06',	'OO1B0Z3NX'),
(884,	2.5,	'2022-01-13 07:35:00',	'f',	'NAO07',	'AMNT3W5UZ'),
(885,	2,	'2022-01-13 07:42:00',	't',	'EG33',	'EGVWPVS7H'),
(886,	1.8,	'2022-01-13 07:45:00',	't',	'EG07',	'EG7UR23GD'),
(887,	2.5,	'2022-01-13 08:35:00',	'f',	'OO10',	'EGSEIMVIH'),
(888,	2.5,	'2022-01-13 08:49:00',	't',	'NAO39',	'NAOURTP0LZ'),
(889,	3.6,	'2022-01-13 10:58:00',	't',	'AM06',	'AMHJ7XVG0'),
(890,	1.9,	'2022-01-13 11:00:00',	't',	'OO07',	'OO3KKV9RF'),
(891,	3.55,	'2022-01-13 11:06:00',	't',	'NO07',	'NO7PTX63C'),
(892,	2.3,	'2022-01-13 12:09:00',	't',	'OO01',	'OO3KKV9RF'),
(893,	1.4,	'2022-01-13 12:13:00',	't',	'EG20',	'EGIGQPKI7'),
(894,	2.4,	'2022-01-13 12:18:00',	'f',	'OO03',	'EGUT0CVS4'),
(895,	1.2,	'2022-01-13 12:27:00',	'f',	'EG15',	'NOXFGCAQV'),
(896,	1.8,	'2022-01-13 12:32:00',	't',	'EG07',	'EGVWPVS7H'),
(897,	1.9,	'2022-01-13 12:53:00',	't',	'OO08',	'OO1B0Z3NX'),
(898,	4.2,	'2022-01-13 13:04:00',	'f',	'NO10',	'OOQ0OXFQ8'),
(899,	3.4,	'2022-01-13 13:48:00',	'f',	'KO02',	'EGYTJXEPQ'),
(900,	1.9,	'2022-01-13 14:31:00',	'f',	'OO08',	'EGIGQPKI7'),
(901,	2.5,	'2022-01-13 14:35:00',	't',	'NAO15',	'NAO09SKDGI'),
(902,	2.5,	'2022-01-13 14:46:00',	'f',	'NAO15',	'NOE1V2ISQ'),
(903,	2.5,	'2022-01-13 16:24:00',	't',	'OO10',	'OOQ0OXFQ8'),
(904,	2,	'2022-01-13 16:31:00',	't',	'EG34',	'EGUT0CVS4'),
(905,	1.7,	'2022-01-13 16:57:00',	't',	'EG06',	'EGC11ERTJ'),
(906,	2,	'2022-01-13 17:28:00',	'f',	'AM02',	'NAOBMYOFQE'),
(907,	2.5,	'2022-01-13 18:06:00',	'f',	'NAO31',	'GEL6246HI'),
(908,	3.4,	'2022-01-13 18:07:00',	't',	'KO02',	'KOIXA11DP'),
(909,	3.35,	'2022-01-13 18:18:00',	't',	'NO11',	'NOXFGCAQV'),
(910,	1.7,	'2022-01-13 18:27:00',	't',	'EG05',	'EGIGQPKI7'),
(911,	2.8,	'2022-01-13 18:28:00',	't',	'AM07',	'AMV3A3ZMF'),
(912,	4.15,	'2022-01-13 18:35:00',	't',	'NO14',	'NOE1V2ISQ'),
(913,	2.8,	'2022-01-13 18:57:00',	'f',	'AM08',	'EG9CHJ755'),
(914,	2,	'2022-01-13 19:16:00',	't',	'EG33',	'EGRHOCN9J'),
(915,	2.5,	'2022-01-13 19:24:00',	't',	'NAO32',	'NAOLY8OZCY'),
(916,	1,	'2022-01-13 19:26:00',	't',	'EG36',	'EGC11ERTJ'),
(917,	1,	'2022-01-13 20:44:00',	'f',	'EG36',	'MOJCKJLTE'),
(918,	3.35,	'2022-01-13 21:01:00',	'f',	'NO12',	'AMXAJI0Y6'),
(919,	1.8,	'2022-01-13 21:05:00',	't',	'EG08',	'EGVWPVS7H'),
(920,	3.6,	'2022-01-13 21:14:00',	't',	'AM06',	'AMLJH75LX'),
(921,	3.4,	'2022-01-13 21:21:00',	't',	'KO01',	'KONCXLL4Z'),
(922,	2.5,	'2022-01-13 22:04:00',	't',	'NAO23',	'NAO09SKDGI'),
(923,	2.7,	'2022-01-13 22:46:00',	'f',	'MO10',	'EG7UR23GD'),
(924,	1.2,	'2022-01-13 23:05:00',	't',	'EG15',	'EGUT0CVS4'),
(925,	2.4,	'2022-01-13 23:26:00',	't',	'OO04',	'OO3KKV9RF'),
(926,	2.95,	'2022-01-13 23:44:00',	't',	'KO04',	'KOIXA11DP'),
(927,	3.55,	'2022-01-13 23:57:00',	'f',	'NO07',	'OOQ0OXFQ8'),
(928,	3.6,	'2022-01-14 00:05:00',	'f',	'AM05',	'NAOURTP0LZ'),
(929,	3.85,	'2022-01-14 00:11:00',	't',	'NO02',	'NORCBPLJD'),
(930,	1.4,	'2022-01-14 00:16:00',	't',	'EG32',	'EGF1T2TAL'),
(931,	3.6,	'2022-01-14 00:34:00',	't',	'AM05',	'AMXAJI0Y6'),
(932,	3.35,	'2022-01-14 00:34:00',	'f',	'NO11',	'NAOBMYOFQE'),
(933,	2.05,	'2022-01-14 00:37:00',	't',	'KO10',	'KONCXLL4Z'),
(934,	2.5,	'2022-01-14 00:45:00',	't',	'NAO07',	'NAO09SKDGI'),
(935,	2.5,	'2022-01-14 01:02:00',	't',	'NAO32',	'NAOHL1N13J'),
(936,	2.5,	'2022-01-14 01:10:00',	't',	'NAO15',	'NAOLY8OZCY'),
(937,	2.4,	'2022-01-14 01:21:00',	'f',	'OO03',	'KOWM31YIH'),
(938,	1.2,	'2022-01-14 01:44:00',	'f',	'EG13',	'KONCXLL4Z'),
(939,	2.5,	'2022-01-14 01:51:00',	't',	'NAO39',	'NAOLY8OZCY'),
(940,	3.4,	'2022-01-14 02:09:00',	't',	'KO02',	'KOWM31YIH'),
(941,	1,	'2022-01-14 02:38:00',	'f',	'EG36',	'OO1B0Z3NX'),
(942,	3.6,	'2022-01-14 02:41:00',	't',	'AM06',	'AMHJ7XVG0'),
(943,	2.95,	'2022-01-14 03:28:00',	'f',	'KO04',	'NOE1V2ISQ'),
(944,	2.1,	'2022-01-14 03:49:00',	't',	'MO03',	'MOJCKJLTE'),
(945,	2.1,	'2022-01-14 04:20:00',	'f',	'EG18',	'NAOBMYOFQE'),
(946,	2.5,	'2022-01-14 04:22:00',	't',	'NAO18',	'NAOBMYOFQE'),
(947,	1.4,	'2022-01-14 04:25:00',	'f',	'EG37',	'KOJDP0LVS'),
(948,	3.35,	'2022-01-14 04:42:00',	't',	'NO11',	'NOXFGCAQV'),
(949,	0.5,	'2022-01-14 05:45:00',	't',	'EG12',	'EGRHOCN9J'),
(950,	2.5,	'2022-01-14 05:49:00',	'f',	'NAO41',	'EGUT0CVS4'),
(951,	2.1,	'2022-01-14 06:23:00',	't',	'MO03',	'MOV86WZS3'),
(952,	2.5,	'2022-01-14 06:49:00',	't',	'NAO22',	'NAOLY8OZCY'),
(953,	1.4,	'2022-01-14 07:26:00',	'f',	'EG38',	'AMLJH75LX'),
(954,	2.05,	'2022-01-14 08:12:00',	'f',	'KO10',	'OO1B0Z3NX'),
(955,	2.5,	'2022-01-14 08:14:00',	't',	'NAO32',	'NAO09SKDGI'),
(956,	1.7,	'2022-01-14 08:23:00',	't',	'EG05',	'EGIGQPKI7'),
(957,	3.35,	'2022-01-14 08:28:00',	't',	'NO12',	'NOX6GVWRD'),
(958,	1.8,	'2022-01-14 09:10:00',	'f',	'EG08',	'AMXAJI0Y6'),
(959,	1.9,	'2022-01-14 09:10:00',	't',	'OO08',	'OOZSJ49IT'),
(960,	3.1,	'2022-01-14 09:21:00',	'f',	'AM09',	'NAOVZ41NAM'),
(961,	2.5,	'2022-01-14 09:30:00',	't',	'NAO12',	'NAOURTP0LZ'),
(962,	2.1,	'2022-01-14 09:36:00',	't',	'MO04',	'MOJCKJLTE'),
(963,	1.7,	'2022-01-14 10:11:00',	'f',	'EG06',	'NO7PTX63C'),
(964,	1.4,	'2022-01-14 10:54:00',	't',	'EG38',	'EGUT0CVS4'),
(965,	2.05,	'2022-01-14 11:09:00',	'f',	'KO09',	'NAO5ZJA8DZ'),
(966,	2.5,	'2022-01-14 11:15:00',	't',	'NAO12',	'NAO5UQPGB7'),
(967,	2.5,	'2022-01-14 12:19:00',	'f',	'NAO36',	'AMHJ7XVG0'),
(968,	2.8,	'2022-01-14 12:39:00',	't',	'AM07',	'AMV3A3ZMF'),
(969,	2.5,	'2022-01-14 13:03:00',	't',	'NAO34',	'NAOURTP0LZ'),
(970,	3.6,	'2022-01-14 13:06:00',	'f',	'AM05',	'KONCXLL4Z'),
(971,	2.4,	'2022-01-14 13:12:00',	't',	'OO03',	'OO3KKV9RF'),
(972,	3.4,	'2022-01-14 13:31:00',	't',	'KO01',	'KOIXA11DP'),
(973,	2.5,	'2022-01-14 14:08:00',	't',	'NAO22',	'NAOHL1N13J'),
(974,	14.7,	'2022-01-14 14:44:00',	't',	'GE01',	'GEJA1WJ0T'),
(975,	3.1,	'2022-01-14 15:02:00',	't',	'AM10',	'AMXAJI0Y6'),
(976,	3.5,	'2022-01-14 15:04:00',	't',	'OO06',	'OOQ0OXFQ8'),
(977,	2.5,	'2022-01-14 15:12:00',	'f',	'NAO36',	'AMLJH75LX'),
(978,	3.35,	'2022-01-14 15:22:00',	't',	'NO12',	'NOXFGCAQV'),
(979,	14.7,	'2022-01-14 16:26:00',	'f',	'GE02',	'NOXFGCAQV'),
(980,	1.6,	'2022-01-14 17:38:00',	'f',	'EG22',	'NAO5UQPGB7'),
(981,	2.8,	'2022-01-14 17:40:00',	't',	'AM07',	'AMLJH75LX'),
(982,	2.5,	'2022-01-14 17:48:00',	't',	'NAO09',	'NAO09SKDGI'),
(983,	2.4,	'2022-01-14 18:03:00',	't',	'OO03',	'OOZSJ49IT'),
(984,	1.2,	'2022-01-14 18:07:00',	'f',	'EG16',	'NAO09SKDGI'),
(985,	1.2,	'2022-01-14 18:10:00',	'f',	'EG14',	'NAOHAFEYUH'),
(986,	2.8,	'2022-01-14 18:14:00',	'f',	'AM08',	'NOE1V2ISQ'),
(987,	1.9,	'2022-01-14 18:45:00',	't',	'KO05',	'KOWKTAKPU'),
(988,	2.5,	'2022-01-14 18:46:00',	'f',	'NAO38',	'NOE1V2ISQ'),
(989,	3.85,	'2022-01-14 20:12:00',	'f',	'NO01',	'EGRHOCN9J'),
(990,	1.4,	'2022-01-14 20:17:00',	't',	'EG24',	'EGSEIMVIH'),
(991,	1.5,	'2022-01-14 21:00:00',	't',	'EG29',	'EGYTJXEPQ'),
(992,	2.95,	'2022-01-14 21:11:00',	'f',	'KO04',	'NAOURTP0LZ'),
(993,	2.5,	'2022-01-14 21:17:00',	'f',	'NAO14',	'EG7UR23GD'),
(994,	14.7,	'2022-01-14 21:32:00',	't',	'GE01',	'GEJA1WJ0T'),
(995,	2.5,	'2022-01-14 21:37:00',	't',	'NAO08',	'NAOURTP0LZ'),
(996,	2.05,	'2022-01-14 21:43:00',	't',	'KO10',	'KOWKTAKPU'),
(997,	3.25,	'2022-01-14 22:18:00',	't',	'NO03',	'NOE1V2ISQ'),
(998,	2,	'2022-01-14 22:19:00',	'f',	'AM02',	'NO7PTX63C'),
(999,	2,	'2022-01-14 22:59:00',	't',	'EG33',	'EGYTJXEPQ'),
(1000,	2.5,	'2022-01-14 23:28:00',	't',	'NAO32',	'NAO5UQPGB7'),
(1001,	2.5,	'2022-01-14 23:36:00',	'f',	'NAO15',	'KOWKTAKPU'),
(1002,	2.5,	'2022-01-14 23:59:00',	'f',	'NAO03',	'EGF1T2TAL'),
(1003,	5.25,	'2024-11-20 16:41:01.504',	'f',	'MO03',	'NOXFGCAQV'),
(1004,	1.3,	'2024-11-09 16:43:10.83',	'f',	'OO07',	'NAOURTP0LZ'),
(1005,	6.25,	'2024-10-13 03:18:21.731',	'f',	'NAO08',	'AMV3A3ZMF'),
(1006,	2.5,	'2024-12-21 22:24:34.258',	't',	'NAO18',	'NAOVZ41NAM'),
(1007,	10.45,	'2025-01-02 18:20:00.456',	'f',	'KO04',	'NAOURTP0LZ'),
(1008,	3.55,	'2024-12-12 02:04:26.936',	'f',	'NO07',	'EGVWPVS7H'),
(1009,	1.1,	'2024-10-10 17:28:41.228',	'f',	'AM13',	'EG9CHJ755'),
(1010,	5.6,	'2024-11-18 03:01:54.005',	'f',	'EG22',	'NO7PTX63C'),
(1011,	2.5,	'2024-11-16 03:09:59.71',	'f',	'NAO33',	'EGIGQPKI7'),
(1012,	0.2,	'2024-10-09 15:15:38.544',	't',	'EG66',	'EGRHOCN9J'),
(1013,	2.5,	'2024-10-31 04:59:00.54',	't',	'NAO17',	'NAOP0J43D5'),
(1014,	2.75,	'2024-12-30 17:04:19.278',	'f',	'NO31',	'AMV3A3ZMF'),
(1015,	2.05,	'2024-11-05 21:14:33.775',	'f',	'KO03',	'AMHJ7XVG0'),
(1016,	2,	'2025-01-03 23:34:35.255',	'f',	'EG40',	'KOIXA11DP'),
(1017,	6.3,	'2024-11-10 20:36:06.914',	't',	'EG25',	'EGYTJXEPQ'),
(1018,	10,	'2024-12-03 11:01:02.674',	'f',	'NAO35',	'GE5A0L725'),
(1019,	2,	'2024-11-16 12:05:57.095',	'f',	'EG33',	'NOXFGCAQV'),
(1020,	2.3,	'2024-10-19 01:36:16.493',	'f',	'EG49',	'NAOHL1N13J'),
(1021,	2.2,	'2025-01-01 13:09:13.882',	'f',	'MO08',	'NAO5ZJA8DZ'),
(1022,	1.8,	'2024-11-15 00:03:19.236',	'f',	'EG08',	'NAOHAFEYUH'),
(1023,	6.25,	'2024-11-05 13:55:28.205',	't',	'NAO06',	'NAOP0J43D5'),
(1024,	2.5,	'2024-12-23 03:58:43.315',	'f',	'EG74',	'GEX7EEDTJ'),
(1025,	0.5,	'2024-10-16 20:05:34.698',	'f',	'MO15',	'NAOURTP0LZ'),
(1026,	1.1,	'2024-10-18 22:42:02.709',	'f',	'EG30',	'AMXAJI0Y6'),
(1027,	0.8,	'2025-01-04 18:09:55.86',	'f',	'EG57',	'NAO09SKDGI'),
(1028,	2.05,	'2024-10-22 13:20:24.249',	'f',	'KO04',	'MOJCKJLTE'),
(1029,	6.2,	'2024-11-17 08:27:22.271',	'f',	'OO04',	'EG7UR23GD'),
(1030,	10,	'2024-12-23 07:46:24.848',	'f',	'NAO34',	'AMNT3W5UZ'),
(1031,	4.05,	'2024-12-21 08:04:30.832',	'f',	'KO13',	'NAOBMYOFQE'),
(1032,	0.6,	'2024-11-27 03:38:12.28',	't',	'EG57',	'EG7UR23GD'),
(1033,	10,	'2024-12-25 20:07:56.773',	't',	'NAO32',	'NAOHAFEYUH'),
(1034,	2.5,	'2024-11-06 22:37:18.534',	'f',	'NAO07',	'EGIGQPKI7'),
(1035,	5.5,	'2024-12-08 10:32:51.096',	'f',	'OO12',	'NOE1V2ISQ'),
(1036,	8.7,	'2024-10-19 15:44:04.617',	't',	'OO04',	'OO3KKV9RF'),
(1037,	13.5,	'2024-11-10 02:13:13.636',	'f',	'NO01',	'NAO09SKDGI'),
(1038,	0.2,	'2024-12-31 08:43:14.733',	'f',	'EG47',	'AMLJH75LX'),
(1039,	0.7,	'2024-11-24 18:05:38.113',	'f',	'KO26',	'EG9CHJ755'),
(1040,	1.85,	'2025-01-02 11:34:17.966',	'f',	'KO07',	'NO7PTX63C'),
(1041,	0.2,	'2024-10-29 09:26:45.333',	'f',	'EG47',	'GEX7EEDTJ'),
(1042,	1.8,	'2024-12-11 15:20:02.95',	't',	'AM28',	'AMLJH75LX'),
(1043,	2,	'2024-11-01 00:17:52.037',	'f',	'AM01',	'OO1B0Z3NX'),
(1044,	1.5,	'2024-11-08 01:51:09.899',	't',	'AM15',	'AMV3A3ZMF'),
(1045,	1.25,	'2024-11-21 11:26:46.204',	'f',	'NAO29',	'KOJDP0LVS'),
(1046,	1.25,	'2024-11-01 19:48:18.216',	'f',	'NAO35',	'KOWM31YIH'),
(1047,	2,	'2024-10-28 02:08:48.473',	't',	'EG33',	'EG7UR23GD'),
(1048,	0.8,	'2024-12-20 20:45:28.725',	'f',	'AM22',	'NORCBPLJD'),
(1049,	1,	'2024-12-13 16:55:08.863',	'f',	'EG36',	'GE2IAGL58'),
(1050,	2.15,	'2025-01-03 02:48:21.492',	'f',	'NO23',	'EGRHOCN9J'),
(1051,	4.15,	'2024-12-03 21:02:27.253',	'f',	'NO28',	'OOZSJ49IT'),
(1052,	4.15,	'2024-10-25 03:51:55.828',	'f',	'NO28',	'AMV3A3ZMF'),
(1053,	0.4,	'2025-01-05 14:34:24.491',	'f',	'AM28',	'EGF1T2TAL'),
(1054,	1.5,	'2024-11-11 20:46:41.174',	'f',	'AM15',	'NAOHAFEYUH'),
(1055,	1.1,	'2024-11-24 11:59:33.026',	'f',	'EG43',	'NAOHAFEYUH'),
(1056,	5.4,	'2024-12-31 15:58:08.063',	't',	'NO23',	'NORCBPLJD'),
(1057,	1.4,	'2025-01-01 03:27:58.816',	'f',	'MO12',	'EGSEIMVIH'),
(1058,	2.3,	'2024-11-29 00:38:34.325',	't',	'NO16',	'NOXFGCAQV'),
(1059,	0.5,	'2024-10-22 15:51:41.089',	'f',	'EG55',	'NOQLL8OS9'),
(1060,	3.85,	'2024-12-23 00:24:42.729',	'f',	'NO02',	'NAOLY8OZCY'),
(1061,	0.8,	'2024-10-27 11:35:56.601',	't',	'EG16',	'EG9CHJ755'),
(1062,	4.15,	'2024-12-19 16:37:18.164',	'f',	'NO28',	'KOJDP0LVS'),
(1063,	0.8,	'2024-11-09 09:05:34.341',	'f',	'EG45',	'NAOLY8OZCY'),
(1064,	0.6,	'2024-11-13 02:26:19.646',	'f',	'EG57',	'GE5A0L725'),
(1065,	1.3,	'2024-12-26 20:58:23.027',	't',	'OO08',	'OO3KKV9RF'),
(1066,	1,	'2024-11-19 02:33:28.273',	'f',	'EG74',	'AMH9SDBDW'),
(1067,	1.25,	'2024-10-28 23:51:45.585',	't',	'NAO29',	'NAOHAFEYUH'),
(1068,	6.25,	'2024-12-31 16:12:02.998',	't',	'NAO40',	'NAO5ZJA8DZ'),
(1069,	2.3,	'2024-11-12 02:18:09.39',	'f',	'NO06',	'EGYTJXEPQ'),
(1070,	0.7,	'2024-11-02 01:56:06.284',	't',	'NO29',	'NOQLL8OS9'),
(1071,	1.9,	'2024-10-16 14:58:53.298',	'f',	'OO07',	'NOQLL8OS9'),
(1072,	1.85,	'2024-10-26 09:20:15.502',	'f',	'MO16',	'AMV3A3ZMF'),
(1073,	4.5,	'2024-11-22 06:12:19.115',	't',	'EG07',	'EGC11ERTJ'),
(1074,	0.8,	'2024-12-29 11:01:47.744',	'f',	'EG57',	'NAOHL1N13J'),
(1075,	0.4,	'2024-10-21 04:28:41.322',	'f',	'EG42',	'NAOURTP0LZ'),
(1076,	1.6,	'2024-11-22 21:43:25.413',	'f',	'EG21',	'NO7PTX63C'),
(1077,	0.9,	'2024-12-28 15:55:21.263',	'f',	'MO01',	'EG9CHJ755'),
(1078,	1.25,	'2024-11-05 04:21:43.934',	't',	'NAO04',	'NAONSM43D8'),
(1079,	1.4,	'2024-12-14 08:16:21.556',	'f',	'EG33',	'NORCBPLJD'),
(1080,	1.2,	'2024-12-01 03:29:35.355',	'f',	'EG04',	'KOWKTAKPU'),
(1081,	1.25,	'2024-12-07 14:16:09.857',	'f',	'NAO29',	'GE2IAGL58'),
(1082,	1.1,	'2024-11-08 04:13:02.464',	'f',	'NO31',	'NAONSM43D8'),
(1083,	6.25,	'2024-10-20 03:44:27.178',	'f',	'NAO09',	'GE5A0L725'),
(1084,	0.5,	'2024-11-16 11:37:18.491',	'f',	'MO17',	'NAOHL1N13J'),
(1085,	2.9,	'2024-10-18 04:09:37.868',	'f',	'NO21',	'EGYTJXEPQ'),
(1086,	3.4,	'2024-12-16 23:03:05.66',	'f',	'MO02',	'GE5A0L725'),
(1087,	1.4,	'2024-11-23 08:56:34.415',	't',	'AM01',	'AMNT3W5UZ'),
(1088,	1.1,	'2024-10-19 02:04:10.927',	'f',	'EG43',	'KONCXLL4Z'),
(1089,	1,	'2024-10-24 05:32:18.93',	'f',	'EG50',	'AMLJH75LX'),
(1090,	2,	'2024-11-09 00:52:38.65',	'f',	'GE02',	'AMHJ7XVG0'),
(1091,	10,	'2024-11-11 03:16:55.276',	'f',	'NAO31',	'OO3KKV9RF'),
(1092,	8.1,	'2024-10-29 12:43:00.428',	'f',	'OO02',	'EGF1T2TAL'),
(1093,	4.9,	'2024-10-15 15:12:24.087',	'f',	'OO07',	'GEL6246HI'),
(1094,	1.25,	'2024-11-30 05:14:22.876',	'f',	'NAO05',	'NOX6GVWRD'),
(1095,	5,	'2024-11-30 14:09:14.84',	'f',	'KO12',	'AMLJH75LX'),
(1096,	10,	'2024-12-15 19:51:22.282',	'f',	'NAO13',	'AMNT3W5UZ'),
(1097,	5.4,	'2025-01-04 12:09:33.416',	'f',	'NO24',	'NAOURTP0LZ'),
(1098,	2.1,	'2024-10-25 01:21:54.412',	'f',	'EG42',	'KOJDP0LVS'),
(1099,	6.4,	'2024-11-18 16:22:10.575',	'f',	'AM16',	'OO1B0Z3NX'),
(1100,	1,	'2024-12-02 04:10:45.676',	't',	'EG62',	'EG9CHJ755'),
(1101,	0.8,	'2024-10-31 18:08:36.544',	'f',	'KO14',	'EGC11ERTJ'),
(1102,	0.7,	'2024-10-23 08:03:55.812',	't',	'EG02',	'EG9CHJ755'),
(1103,	2.5,	'2024-10-24 14:12:05.228',	'f',	'EG74',	'NAOHAFEYUH'),
(1104,	4.6,	'2024-12-07 04:11:58.1',	'f',	'AM23',	'NORCBPLJD'),
(1105,	0.8,	'2024-10-19 18:24:54.859',	'f',	'MO14',	'OO7PZE9VI'),
(1106,	1.8,	'2025-01-05 08:24:12.941',	't',	'EG70',	'EG9CHJ755'),
(1107,	10,	'2024-12-13 11:17:50.168',	'f',	'NAO09',	'EGIGQPKI7'),
(1108,	1.8,	'2024-12-03 10:03:46.336',	'f',	'AM27',	'EGYTJXEPQ'),
(1109,	6.25,	'2024-11-28 17:29:33.455',	't',	'NAO23',	'NAO5ZJA8DZ'),
(1110,	6.25,	'2024-11-13 00:28:31.97',	'f',	'NAO22',	'EGUT0CVS4'),
(1111,	6.25,	'2024-12-19 10:47:33.923',	'f',	'NAO13',	'KOWM31YIH'),
(1112,	6.25,	'2024-11-01 05:56:08.301',	't',	'NAO15',	'NAO5ZJA8DZ'),
(1113,	2.1,	'2024-11-07 14:25:04.728',	'f',	'EG42',	'AMNT3W5UZ'),
(1114,	1.75,	'2024-12-30 17:51:37.277',	'f',	'KO25',	'NOQLL8OS9'),
(1115,	5,	'2024-11-23 15:26:03.814',	'f',	'KO11',	'NOQLL8OS9'),
(1116,	2.5,	'2024-10-31 18:56:55.089',	'f',	'NAO09',	'EGRHOCN9J'),
(1117,	2.7,	'2024-10-15 08:21:50.825',	't',	'NO02',	'NO7PTX63C'),
(1118,	1.9,	'2024-11-15 02:56:23.854',	'f',	'MO10',	'KOWKTAKPU'),
(1119,	1.1,	'2024-11-18 22:52:51.931',	'f',	'NO32',	'NAOURTP0LZ'),
(1120,	0.2,	'2024-11-26 04:34:31.903',	'f',	'EG72',	'AMNT3W5UZ'),
(1121,	13.1,	'2024-10-17 03:28:31.989',	'f',	'AM09',	'NO7PTX63C'),
(1122,	2.8,	'2024-11-26 06:01:24.663',	'f',	'EG57',	'OO3KKV9RF'),
(1123,	10.5,	'2024-11-08 01:09:54.448',	't',	'EG01',	'EGC11ERTJ'),
(1124,	1.25,	'2024-10-18 15:17:07.728',	'f',	'NAO17',	'EGVWPVS7H'),
(1125,	10,	'2024-10-19 23:46:51.242',	'f',	'NAO03',	'GEL6246HI'),
(1126,	1.5,	'2024-12-02 17:42:27.009',	'f',	'EG54',	'NAOHAFEYUH'),
(1127,	1.7,	'2024-11-19 03:37:59.487',	'f',	'OO10',	'EGC11ERTJ'),
(1128,	0.8,	'2024-12-07 00:27:27.973',	'f',	'AM24',	'NAOHAFEYUH'),
(1129,	1.4,	'2024-10-26 21:01:45.678',	't',	'AM02',	'AMLJH75LX'),
(1130,	0.8,	'2024-12-23 22:02:33.203',	'f',	'EG58',	'MOV86WZS3'),
(1131,	0.8,	'2024-11-04 06:21:05.345',	't',	'EG16',	'EGIGQPKI7'),
(1132,	4.5,	'2024-11-06 07:12:47.47',	'f',	'EG08',	'GEL6246HI'),
(1133,	4.2,	'2024-12-22 12:23:38.767',	't',	'EG16',	'EG9CHJ755'),
(1134,	0.8,	'2024-10-12 22:16:24.564',	'f',	'OO26',	'GE2IAGL58'),
(1135,	0.7,	'2024-10-29 05:36:21.264',	'f',	'NO30',	'GEX7EEDTJ'),
(1136,	2.5,	'2024-12-07 03:52:05.419',	'f',	'NAO27',	'MOV86WZS3'),
(1137,	8.45,	'2024-10-19 16:53:24.694',	'f',	'NO12',	'EGSEIMVIH'),
(1138,	0.4,	'2024-11-14 07:10:09.982',	't',	'AM28',	'AMNT3W5UZ'),
(1139,	0.5,	'2024-12-16 22:35:01.772',	'f',	'MO18',	'GEJA1WJ0T'),
(1140,	0.4,	'2024-10-26 22:58:24.026',	'f',	'OO21',	'GEX7EEDTJ'),
(1141,	0.9,	'2024-10-28 17:55:16.536',	't',	'OO27',	'OOQ0OXFQ8'),
(1142,	1.4,	'2024-12-01 23:52:24.544',	'f',	'EG37',	'KOJDP0LVS'),
(1143,	3.85,	'2024-12-23 07:55:16.924',	'f',	'NO01',	'NAOLY8OZCY'),
(1144,	10,	'2024-10-09 16:22:29.849',	't',	'NAO10',	'NAONSM43D8'),
(1145,	9.6,	'2024-11-22 15:14:15.468',	't',	'AM04',	'AMNT3W5UZ'),
(1146,	4.15,	'2024-10-21 00:28:40.876',	'f',	'NO14',	'NAO5ZJA8DZ'),
(1147,	7,	'2024-11-11 12:31:57.869',	'f',	'EG34',	'AMV3A3ZMF'),
(1148,	1.4,	'2024-11-09 03:13:01.709',	't',	'EG50',	'EGF1T2TAL'),
(1149,	2.8,	'2024-10-20 08:24:29.099',	'f',	'EG39',	'KOWM31YIH'),
(1150,	2.4,	'2024-12-26 06:10:52.758',	'f',	'OO03',	'AMNT3W5UZ'),
(1151,	2,	'2024-11-01 19:57:29.613',	'f',	'AM01',	'OOQ0OXFQ8'),
(1152,	8.9,	'2024-10-13 18:07:02.534',	'f',	'OO06',	'KOWKTAKPU'),
(1267,	2.4,	'2024-10-23 07:46:02.462',	'f',	'OO06',	'NORCBPLJD'),
(1153,	6.25,	'2024-11-14 06:28:42.063',	't',	'NAO39',	'NAOHAFEYUH'),
(1154,	1.1,	'2024-10-28 05:05:57.129',	'f',	'EG53',	'KONCXLL4Z'),
(1155,	2.5,	'2024-10-31 15:16:38.419',	'f',	'EG35',	'NAO5UQPGB7'),
(1156,	10,	'2024-12-12 20:14:49.836',	't',	'NAO35',	'NAONSM43D8'),
(1157,	3.3,	'2024-12-11 19:05:53.966',	't',	'OO27',	'OO1B0Z3NX'),
(1158,	2.35,	'2024-10-23 11:41:46.629',	'f',	'KO22',	'EGC11ERTJ'),
(1159,	7.25,	'2024-10-17 12:31:16.536',	'f',	'KO10',	'NAO5UQPGB7'),
(1160,	0.8,	'2024-10-22 08:51:48.598',	'f',	'AM23',	'NAONSM43D8'),
(1161,	2.5,	'2024-12-09 23:16:55.497',	'f',	'AM05',	'NAOHAFEYUH'),
(1162,	0.5,	'2024-10-20 11:56:08.591',	'f',	'MO16',	'KOJDP0LVS'),
(1163,	0.7,	'2024-12-16 16:52:28.162',	'f',	'EG36',	'GEL6246HI'),
(1164,	1.4,	'2024-12-28 00:41:11.782',	'f',	'EG24',	'NAOHL1N13J'),
(1165,	1.2,	'2024-12-16 16:53:47.646',	'f',	'EG06',	'NAOBMYOFQE'),
(1166,	0.6,	'2024-12-30 13:20:03.261',	'f',	'EG57',	'OOQ0OXFQ8'),
(1167,	2.85,	'2024-10-14 23:02:16.419',	'f',	'MO14',	'NAONSM43D8'),
(1168,	6.25,	'2024-12-21 19:43:21.95',	'f',	'NAO11',	'EGC11ERTJ'),
(1169,	3.3,	'2024-11-09 01:51:15.586',	'f',	'AM24',	'NAO5UQPGB7'),
(1170,	1.25,	'2024-10-22 01:42:48.351',	'f',	'NO20',	'KOIXA11DP'),
(1171,	2,	'2025-01-04 11:34:15.226',	'f',	'EG34',	'AMHJ7XVG0'),
(1172,	0.9,	'2024-11-28 06:20:25.14',	'f',	'EG48',	'NAOBMYOFQE'),
(1173,	6.6,	'2024-11-24 14:11:12.437',	'f',	'KO07',	'GE2IAGL58'),
(1174,	6.6,	'2024-11-29 20:09:45.619',	'f',	'KO07',	'NAOBMYOFQE'),
(1175,	6.25,	'2025-01-01 05:22:06.346',	't',	'NAO11',	'NAOHL1N13J'),
(1176,	1.4,	'2024-10-30 09:48:04.408',	'f',	'OO23',	'AMXAJI0Y6'),
(1177,	4.5,	'2024-12-21 11:49:52.974',	't',	'EG07',	'EG7UR23GD'),
(1178,	8.6,	'2024-11-29 02:01:32.967',	'f',	'AM08',	'GE5A0L725'),
(1179,	0.8,	'2025-01-03 00:17:14.358',	'f',	'EG44',	'GEL6246HI'),
(1180,	4.8,	'2024-12-11 08:32:41.419',	'f',	'KO06',	'MOJCKJLTE'),
(1181,	10,	'2024-11-23 16:56:34.666',	'f',	'NAO41',	'EGUT0CVS4'),
(1182,	6.25,	'2024-12-16 04:47:38.485',	'f',	'NAO37',	'KOWKTAKPU'),
(1183,	6.25,	'2024-11-22 22:40:39.675',	'f',	'NAO07',	'OO7PZE9VI'),
(1184,	0.3,	'2024-11-03 12:45:15.581',	't',	'EG53',	'EGRHOCN9J'),
(1185,	0.55,	'2024-12-21 13:43:53.292',	'f',	'KO18',	'EGIGQPKI7'),
(1186,	4.6,	'2024-12-08 05:50:49.928',	'f',	'AM23',	'KOWM31YIH'),
(1187,	1.5,	'2024-11-25 04:29:27.285',	'f',	'NO23',	'EGC11ERTJ'),
(1188,	1.7,	'2024-12-04 06:03:55.411',	'f',	'OO04',	'NAO5UQPGB7'),
(1189,	10.5,	'2024-10-09 15:32:18.232',	't',	'EG01',	'EG7UR23GD'),
(1190,	1.9,	'2024-11-01 00:57:33.704',	'f',	'OO07',	'EGF1T2TAL'),
(1191,	0.2,	'2024-12-01 07:04:37.385',	'f',	'EG68',	'GEJA1WJ0T'),
(1192,	2.05,	'2025-01-02 08:52:37.5',	'f',	'KO18',	'NAO5UQPGB7'),
(1193,	6.25,	'2024-11-01 18:55:15.93',	'f',	'NAO24',	'EG9CHJ755'),
(1194,	1.25,	'2024-11-08 06:40:49.889',	'f',	'NAO29',	'AMH9SDBDW'),
(1195,	0.8,	'2024-12-03 07:04:45.34',	'f',	'MO14',	'OO1B0Z3NX'),
(1196,	1.7,	'2024-12-23 23:29:15.81',	'f',	'AM19',	'MOV86WZS3'),
(1197,	10,	'2024-12-13 08:16:52.299',	'f',	'NAO41',	'EGRHOCN9J'),
(1198,	2.9,	'2024-10-20 21:24:54.069',	't',	'KO17',	'KOWM31YIH'),
(1199,	1.2,	'2024-11-08 15:29:02.136',	'f',	'EG15',	'NOXFGCAQV'),
(1200,	1.25,	'2024-11-13 21:01:07.86',	'f',	'NAO21',	'KOWM31YIH'),
(1201,	1.3,	'2024-10-26 00:52:33.832',	'f',	'EG71',	'NO7PTX63C'),
(1202,	3.2,	'2024-11-13 18:39:55.015',	'f',	'AM14',	'NAO09SKDGI'),
(1203,	1.25,	'2024-12-18 14:11:09.296',	'f',	'NAO08',	'EGRHOCN9J'),
(1204,	1.1,	'2024-12-17 20:03:04.523',	'f',	'NO32',	'EGUT0CVS4'),
(1205,	2.05,	'2024-11-15 15:41:47.54',	't',	'KO10',	'KOWKTAKPU'),
(1206,	1.5,	'2024-12-22 09:43:17.287',	'f',	'OO11',	'AMV3A3ZMF'),
(1207,	1.25,	'2024-12-02 17:08:53.68',	'f',	'NAO18',	'EGIGQPKI7'),
(1208,	8.3,	'2024-12-30 15:09:40.417',	'f',	'AM01',	'NAOBMYOFQE'),
(1209,	1.25,	'2024-11-19 11:36:26.386',	'f',	'NAO24',	'NOX6GVWRD'),
(1210,	8.6,	'2024-12-13 14:31:52.65',	'f',	'AM08',	'GE2IAGL58'),
(1211,	8.35,	'2024-11-09 17:57:33.343',	'f',	'NO33',	'EGUT0CVS4'),
(1212,	1.05,	'2024-10-23 17:45:19.853',	'f',	'NO26',	'KOIXA11DP'),
(1213,	9,	'2024-12-08 02:17:03.623',	'f',	'AM15',	'GEJA1WJ0T'),
(1214,	0.8,	'2024-11-09 08:15:37.654',	'f',	'EG59',	'AMLJH75LX'),
(1215,	1.5,	'2024-11-29 12:18:33.755',	'f',	'NO23',	'EGYTJXEPQ'),
(1216,	1.25,	'2024-11-11 23:51:22.173',	'f',	'NAO33',	'AMXAJI0Y6'),
(1217,	1.3,	'2024-12-22 12:51:57.135',	'f',	'OO15',	'NOXFGCAQV'),
(1218,	3.2,	'2024-10-30 12:18:54.638',	't',	'AM13',	'AMV3A3ZMF'),
(1219,	0.6,	'2024-11-13 21:12:13.972',	'f',	'EG39',	'NAOHAFEYUH'),
(1220,	0.8,	'2024-12-28 20:17:40.566',	't',	'EG59',	'EGF1T2TAL'),
(1221,	0.5,	'2025-01-04 04:03:10.079',	'f',	'KO25',	'AMHJ7XVG0'),
(1222,	1.75,	'2024-11-19 20:04:50.185',	'f',	'KO26',	'NAO09SKDGI'),
(1223,	0.6,	'2024-12-06 05:45:28.717',	'f',	'OO21',	'NAOHAFEYUH'),
(1224,	4.5,	'2024-12-30 17:01:42.566',	'f',	'AM14',	'EGF1T2TAL'),
(1225,	2.6,	'2024-11-27 09:28:00.774',	'f',	'MO05',	'OO7PZE9VI'),
(1226,	0.7,	'2024-11-10 15:27:06.958',	'f',	'AM13',	'NAONSM43D8'),
(1227,	1.15,	'2024-10-31 16:10:56.221',	'f',	'NO28',	'NAOVZ41NAM'),
(1228,	8.7,	'2024-12-07 06:59:25.424',	'f',	'OO03',	'NOQLL8OS9'),
(1229,	0.5,	'2024-12-25 13:21:05.239',	'f',	'OO25',	'NAO5ZJA8DZ'),
(1230,	9.6,	'2024-10-30 17:00:55.241',	'f',	'MO10',	'AMLJH75LX'),
(1231,	1.1,	'2024-12-28 05:12:05.728',	'f',	'EG53',	'MOV86WZS3'),
(1232,	6.25,	'2024-11-15 05:01:47.57',	't',	'NAO36',	'NAO5ZJA8DZ'),
(1233,	6.25,	'2024-12-16 12:13:06.347',	'f',	'NAO19',	'KOJDP0LVS'),
(1234,	14.7,	'2025-01-03 17:15:11.019',	'f',	'GE02',	'EGRHOCN9J'),
(1235,	1.15,	'2024-10-19 02:22:47.537',	'f',	'KO13',	'NOE1V2ISQ'),
(1236,	0.8,	'2024-11-16 02:47:04.319',	'f',	'MO14',	'NOX6GVWRD'),
(1237,	1.4,	'2024-10-26 18:10:37.95',	'f',	'MO12',	'GEL6246HI'),
(1238,	1.55,	'2024-11-02 12:15:09.396',	'f',	'NO25',	'AMLJH75LX'),
(1239,	6.5,	'2024-11-09 13:47:12.478',	't',	'OO19',	'OOZSJ49IT'),
(1240,	2.5,	'2024-11-02 13:29:06.087',	'f',	'NAO05',	'OO1B0Z3NX'),
(1241,	2.5,	'2024-12-10 21:48:59.323',	'f',	'OO14',	'EGSEIMVIH'),
(1242,	14.6,	'2024-10-17 13:58:25.355',	'f',	'NO13',	'AMXAJI0Y6'),
(1243,	1.5,	'2025-01-03 11:57:02.731',	't',	'EG11',	'EGUT0CVS4'),
(1244,	1.3,	'2024-11-21 16:23:28.286',	'f',	'OO16',	'KOWKTAKPU'),
(1245,	2.5,	'2024-12-12 05:49:40.103',	'f',	'NAO38',	'KOIXA11DP'),
(1246,	0.7,	'2024-12-29 03:59:55.416',	't',	'AM14',	'AMH9SDBDW'),
(1247,	2,	'2024-11-08 04:46:37.31',	't',	'KO12',	'KONCXLL4Z'),
(1248,	0.8,	'2024-11-02 18:56:42.157',	'f',	'EG57',	'KOWKTAKPU'),
(1249,	2.5,	'2024-12-19 22:24:20.352',	'f',	'NAO10',	'EGUT0CVS4'),
(1250,	2.8,	'2024-12-25 20:00:41.553',	'f',	'EG57',	'MOV86WZS3'),
(1251,	1.1,	'2024-12-24 19:39:48.169',	'f',	'EG52',	'NAOBMYOFQE'),
(1252,	3.5,	'2024-11-02 08:03:39.025',	'f',	'OO05',	'NAONSM43D8'),
(1253,	5,	'2024-12-14 15:49:29.977',	'f',	'AM19',	'NOE1V2ISQ'),
(1254,	1.05,	'2025-01-05 08:53:05.797',	'f',	'NO25',	'NAOURTP0LZ'),
(1255,	6.25,	'2024-11-30 18:28:09.063',	't',	'NAO28',	'NAO5UQPGB7'),
(1256,	9.1,	'2024-12-28 12:36:27.623',	'f',	'OO19',	'EG9CHJ755'),
(1257,	4.8,	'2024-12-20 10:55:34.652',	't',	'KO06',	'KOJDP0LVS'),
(1258,	9.6,	'2024-11-18 15:36:03.152',	'f',	'NO02',	'NAOURTP0LZ'),
(1259,	4.9,	'2024-11-03 07:57:47.571',	'f',	'AM25',	'NAOVZ41NAM'),
(1260,	2.4,	'2024-11-04 21:44:53.469',	'f',	'OO04',	'KOWM31YIH'),
(1261,	2.2,	'2024-11-18 22:18:47.802',	't',	'AM04',	'AMNT3W5UZ'),
(1262,	1.45,	'2025-01-01 23:37:04.199',	'f',	'KO10',	'NAO5ZJA8DZ'),
(1263,	2.15,	'2024-10-25 23:53:18.121',	'f',	'NO23',	'NAOHL1N13J'),
(1264,	10,	'2024-12-10 07:58:59.606',	'f',	'NAO25',	'AMNT3W5UZ'),
(1265,	10,	'2024-10-31 19:48:20.576',	't',	'NAO36',	'NAOHAFEYUH'),
(1266,	6.3,	'2024-12-09 09:33:40.046',	'f',	'EG26',	'KOIXA11DP'),
(1268,	2.5,	'2024-12-26 18:10:14.454',	't',	'NAO35',	'NAOBMYOFQE'),
(1269,	0.9,	'2024-12-15 04:56:25.702',	'f',	'OO28',	'NORCBPLJD'),
(1270,	2.5,	'2024-12-23 17:01:51.656',	'f',	'OO10',	'GE5A0L725'),
(1271,	5,	'2024-11-28 05:51:54.513',	'f',	'AM18',	'NAOLY8OZCY'),
(1272,	5.15,	'2024-11-16 10:20:01.49',	'f',	'KO09',	'OOQ0OXFQ8'),
(1273,	1.25,	'2024-10-08 16:12:39.523',	'f',	'NAO34',	'GEL6246HI'),
(1274,	3.85,	'2024-10-26 15:40:18.726',	'f',	'NO02',	'AMH9SDBDW'),
(1275,	13.5,	'2024-11-14 00:35:14.152',	'f',	'NO02',	'MOV86WZS3'),
(1276,	1.4,	'2024-10-27 11:58:23.027',	'f',	'EG23',	'AMLJH75LX'),
(1277,	1.25,	'2024-10-08 10:40:37.659',	'f',	'NAO14',	'EGC11ERTJ'),
(1278,	1.8,	'2024-12-02 13:58:57.177',	'f',	'MO06',	'NAO09SKDGI'),
(1279,	1.25,	'2024-12-07 15:19:16.255',	'f',	'NAO20',	'MOJCKJLTE'),
(1280,	2.7,	'2024-11-11 00:40:00.783',	'f',	'MO10',	'AMXAJI0Y6'),
(1281,	5.15,	'2024-10-11 23:29:30.55',	'f',	'KO09',	'NORCBPLJD'),
(1282,	4.15,	'2024-10-13 12:43:02.419',	'f',	'NO13',	'NAOHL1N13J'),
(1283,	4,	'2024-10-17 09:32:21.317',	'f',	'EG22',	'MOV86WZS3'),
(1284,	6.25,	'2024-10-24 17:06:43.731',	't',	'NAO10',	'NAOHAFEYUH'),
(1285,	0.2,	'2024-10-26 13:30:30.108',	'f',	'EG73',	'KOIXA11DP'),
(1286,	0.8,	'2025-01-03 23:17:32.442',	'f',	'EG72',	'OOZSJ49IT'),
(1287,	4.9,	'2024-10-20 11:13:45.066',	'f',	'EG19',	'NAOBMYOFQE'),
(1288,	2.35,	'2024-12-01 01:58:38.222',	'f',	'NO11',	'MOJCKJLTE'),
(1289,	0.8,	'2024-12-20 06:53:09.943',	't',	'EG43',	'EGUT0CVS4'),
(1290,	2.5,	'2024-12-15 01:40:14.837',	'f',	'NO07',	'EGUT0CVS4'),
(1291,	4.2,	'2024-10-13 19:28:22.157',	'f',	'AM17',	'OOQ0OXFQ8'),
(1292,	0.2,	'2024-10-21 10:34:07.344',	'f',	'EG66',	'KONCXLL4Z'),
(1293,	2.9,	'2024-12-09 03:39:38.777',	'f',	'OO25',	'EG9CHJ755'),
(1294,	6.5,	'2024-12-26 00:13:57.346',	'f',	'OO20',	'MOJCKJLTE'),
(1295,	6.25,	'2024-12-11 10:36:06.324',	'f',	'NAO25',	'AMV3A3ZMF'),
(1296,	1.7,	'2024-11-19 18:41:04.611',	'f',	'AM18',	'KOJDP0LVS'),
(1297,	1.25,	'2024-11-14 20:45:36.425',	'f',	'NAO16',	'NOQLL8OS9'),
(1298,	0.8,	'2024-10-24 00:42:59.856',	't',	'EG47',	'EGRHOCN9J'),
(1299,	2.1,	'2024-10-11 20:48:03.821',	't',	'EG55',	'EGIGQPKI7'),
(1300,	1,	'2024-10-29 21:25:05.775',	'f',	'EG74',	'OO3KKV9RF'),
(1301,	0.8,	'2024-10-15 05:29:11.573',	'f',	'KO18',	'NAOHAFEYUH'),
(1302,	1.6,	'2024-10-29 01:08:45.631',	't',	'EG21',	'EGC11ERTJ'),
(1303,	0.8,	'2024-12-20 23:21:05.413',	'f',	'EG66',	'MOV86WZS3'),
(1304,	0.6,	'2024-10-22 14:40:29.469',	'f',	'EG40',	'OOZSJ49IT'),
(1305,	0.8,	'2024-12-14 13:51:23.513',	'f',	'EG58',	'AMV3A3ZMF'),
(1306,	2,	'2024-11-01 12:01:54.766',	'f',	'OO26',	'KONCXLL4Z'),
(1307,	2.85,	'2024-11-06 00:50:23.262',	'f',	'MO13',	'NORCBPLJD'),
(1308,	3.3,	'2024-10-12 08:50:39.787',	'f',	'EG60',	'GE2IAGL58'),
(1309,	6.3,	'2024-11-17 03:45:00.445',	'f',	'EG25',	'GE5A0L725'),
(1310,	1.5,	'2024-11-02 23:59:37.819',	'f',	'EG42',	'KOWKTAKPU'),
(1311,	3.8,	'2025-01-05 21:45:30.281',	'f',	'EG29',	'NAO09SKDGI'),
(1312,	5.6,	'2024-12-03 15:24:16.705',	'f',	'EG21',	'NAOP0J43D5'),
(1313,	2.4,	'2024-10-15 16:21:57.906',	'f',	'OO03',	'NOX6GVWRD'),
(1314,	2.5,	'2024-10-24 11:49:00.1',	'f',	'NAO41',	'EGF1T2TAL'),
(1315,	0.8,	'2024-10-21 06:11:58.074',	'f',	'OO25',	'MOJCKJLTE'),
(1316,	0.3,	'2024-12-05 02:40:42.028',	'f',	'EG72',	'MOJCKJLTE'),
(1317,	0.8,	'2024-10-19 03:40:59.207',	'f',	'EG15',	'AMNT3W5UZ'),
(1318,	6.25,	'2024-10-26 20:52:42.115',	'f',	'NAO25',	'EGRHOCN9J'),
(1319,	3.4,	'2024-12-11 01:47:24.327',	'f',	'MO01',	'EGIGQPKI7'),
(1320,	4,	'2024-11-10 21:15:33.711',	'f',	'EG21',	'GEJA1WJ0T'),
(1321,	0.5,	'2024-11-13 03:58:48.003',	'f',	'MO17',	'KOIXA11DP'),
(1322,	0.4,	'2024-11-07 13:53:58.099',	't',	'EG50',	'EGUT0CVS4'),
(1323,	11.75,	'2024-12-23 20:00:10.46',	'f',	'NO34',	'NAO5ZJA8DZ'),
(1324,	5.1,	'2024-11-28 03:44:09.351',	't',	'OO24',	'OOQ0OXFQ8'),
(1325,	3.8,	'2024-10-31 18:16:26.415',	'f',	'EG29',	'NAO5UQPGB7'),
(1326,	0.3,	'2024-12-02 21:38:14.993',	't',	'EG11',	'EGF1T2TAL'),
(1327,	3.9,	'2024-12-11 17:26:13.421',	'f',	'OO12',	'KOWKTAKPU'),
(1328,	3.4,	'2024-12-30 04:47:10.566',	'f',	'MO02',	'OO1B0Z3NX'),
(1329,	10,	'2024-10-11 19:58:51.774',	'f',	'NAO14',	'GEJA1WJ0T'),
(1330,	0.75,	'2025-01-04 16:36:52.78',	'f',	'NO31',	'NAOHAFEYUH'),
(1331,	4.5,	'2024-12-22 23:21:26.764',	'f',	'EG25',	'AMV3A3ZMF'),
(1332,	3.8,	'2024-11-01 23:05:49.029',	'f',	'EG29',	'KOWM31YIH'),
(1333,	3.9,	'2024-10-09 17:58:25.219',	'f',	'OO12',	'MOV86WZS3'),
(1334,	4.5,	'2024-11-23 14:51:48.93',	'f',	'EG07',	'NAOP0J43D5'),
(1335,	1.7,	'2024-12-17 03:47:08.554',	'f',	'AM19',	'EGVWPVS7H'),
(1336,	0.7,	'2024-12-14 15:38:17.386',	'f',	'OO14',	'NAO09SKDGI'),
(1337,	0.7,	'2024-12-05 11:25:51.687',	'f',	'KO26',	'NAO09SKDGI'),
(1338,	0.7,	'2024-11-11 05:49:01.186',	'f',	'AM17',	'GE2IAGL58'),
(1339,	11.45,	'2024-12-22 01:30:51.017',	'f',	'NO04',	'NAONSM43D8'),
(1340,	0.2,	'2024-12-17 00:05:05.692',	'f',	'EG45',	'NO7PTX63C'),
(1341,	7.4,	'2024-10-10 09:55:20.708',	'f',	'MO04',	'NAOLY8OZCY'),
(1342,	11.75,	'2024-10-29 02:15:06.023',	'f',	'NO33',	'MOJCKJLTE'),
(1343,	0.8,	'2024-12-30 17:46:51.886',	'f',	'EG03',	'AMH9SDBDW'),
(1344,	8.95,	'2024-12-20 17:56:12.786',	'f',	'NO08',	'EGIGQPKI7'),
(1345,	1,	'2024-10-11 22:58:42.225',	'f',	'EG19',	'AMV3A3ZMF'),
(1346,	1.35,	'2024-10-19 01:31:51.34',	'f',	'MO01',	'OO1B0Z3NX'),
(1347,	1.25,	'2024-10-13 20:10:55.957',	'f',	'NAO11',	'EGC11ERTJ'),
(1348,	1.1,	'2024-10-28 23:21:08.439',	't',	'AM13',	'AMHJ7XVG0'),
(1349,	1.35,	'2024-12-01 06:52:44.623',	'f',	'MO01',	'OO1B0Z3NX'),
(1350,	0.3,	'2024-10-19 10:04:35.107',	'f',	'EG68',	'NAOBMYOFQE'),
(1351,	1.3,	'2024-12-16 04:02:43.258',	'f',	'KO23',	'NOE1V2ISQ'),
(1352,	5.15,	'2024-10-13 00:45:05.69',	'f',	'KO10',	'EG7UR23GD'),
(1353,	2.3,	'2024-12-01 03:59:46.488',	'f',	'NO15',	'AMNT3W5UZ'),
(1354,	3.8,	'2024-11-14 21:49:16.159',	'f',	'EG30',	'OOZSJ49IT'),
(1355,	1.5,	'2024-11-02 09:09:55.597',	'f',	'EG12',	'NAOP0J43D5'),
(1356,	2.75,	'2024-12-03 20:58:33.134',	'f',	'NO31',	'EGVWPVS7H'),
(1357,	6.25,	'2024-10-21 06:25:56.278',	'f',	'NAO26',	'EGUT0CVS4'),
(1358,	0.6,	'2024-12-04 10:15:06.894',	'f',	'EG39',	'KOWKTAKPU'),
(1359,	1.25,	'2024-12-18 05:17:14.353',	't',	'NAO21',	'NAOHL1N13J'),
(1360,	3.3,	'2024-10-17 18:58:25.157',	'f',	'AM23',	'EG9CHJ755'),
(1361,	1.3,	'2024-11-20 05:40:52.531',	'f',	'KO24',	'EGSEIMVIH'),
(1362,	2,	'2024-12-10 06:36:50.09',	'f',	'EG56',	'NAOLY8OZCY'),
(1363,	1.3,	'2024-12-23 16:42:24.732',	'f',	'OO08',	'AMH9SDBDW'),
(1364,	8.7,	'2024-11-22 03:15:43.391',	't',	'OO04',	'OOZSJ49IT'),
(1365,	1.2,	'2024-10-16 11:01:48.033',	'f',	'EG15',	'OOZSJ49IT'),
(1366,	8.45,	'2024-12-10 00:28:03.839',	'f',	'NO11',	'NAOBMYOFQE'),
(1367,	1,	'2024-11-24 21:03:08.562',	'f',	'EG27',	'MOJCKJLTE'),
(1368,	5.8,	'2024-11-03 20:24:55.877',	'f',	'OO02',	'AMH9SDBDW'),
(1369,	1.3,	'2024-11-01 16:21:25.431',	't',	'OO18',	'OOQ0OXFQ8'),
(1370,	0.6,	'2024-11-25 18:21:20.467',	'f',	'EG48',	'OOZSJ49IT'),
(1371,	9,	'2024-10-31 08:45:22.517',	'f',	'AM15',	'EGUT0CVS4'),
(1372,	2.5,	'2025-01-06 05:10:46.369',	'f',	'NAO03',	'EGF1T2TAL'),
(1373,	0.2,	'2024-10-29 03:59:24.425',	'f',	'EG53',	'GEJA1WJ0T'),
(1374,	12.4,	'2024-10-17 00:43:17.969',	'f',	'OO05',	'NOE1V2ISQ'),
(1375,	2.9,	'2024-11-28 19:39:54.572',	'f',	'NO10',	'GE2IAGL58'),
(1376,	0.3,	'2024-12-25 23:09:50.65',	'f',	'EG63',	'AMV3A3ZMF'),
(1377,	10.45,	'2024-12-02 00:57:41.627',	'f',	'KO04',	'AMXAJI0Y6'),
(1378,	10.45,	'2024-10-30 20:30:18.442',	'f',	'NO14',	'GEX7EEDTJ'),
(1379,	2.05,	'2024-12-16 16:13:47.254',	'f',	'MO14',	'NAONSM43D8'),
(1380,	2,	'2024-12-26 19:15:20.391',	'f',	'EG57',	'OOQ0OXFQ8'),
(1381,	1,	'2024-12-06 05:45:08.334',	'f',	'EG36',	'NAOHAFEYUH'),
(1382,	1.9,	'2024-11-27 03:58:28.754',	'f',	'OO18',	'NAOBMYOFQE'),
(1383,	2.05,	'2025-01-04 01:39:43.184',	'f',	'MO14',	'OO3KKV9RF'),
(1384,	1,	'2024-10-27 21:28:56.575',	'f',	'OO24',	'NAOLY8OZCY'),
(1385,	0.7,	'2024-12-15 00:21:15.022',	'f',	'EG64',	'AMH9SDBDW'),
(1386,	0.3,	'2024-10-23 23:15:29.171',	'f',	'EG44',	'NAOHAFEYUH'),
(1387,	2.5,	'2024-10-20 22:53:10.216',	't',	'NAO12',	'NAO5UQPGB7'),
(1388,	1,	'2024-10-12 17:18:05.217',	'f',	'EG31',	'NAO5ZJA8DZ'),
(1389,	0.25,	'2024-11-24 08:55:55.109',	'f',	'KO23',	'NO7PTX63C'),
(1390,	2.5,	'2024-10-26 08:26:03.878',	'f',	'NAO18',	'KOIXA11DP'),
(1391,	9.6,	'2024-12-11 04:37:53.882',	'f',	'MO10',	'NOX6GVWRD'),
(1392,	2.9,	'2024-12-28 01:15:08.824',	'f',	'MO18',	'NAOHL1N13J'),
(1393,	1.9,	'2025-01-02 02:49:59.465',	'f',	'OO18',	'KONCXLL4Z'),
(1394,	2.05,	'2024-12-20 06:37:40.359',	'f',	'MO17',	'NOXFGCAQV'),
(1395,	1,	'2024-12-17 13:59:26.021',	't',	'EG63',	'EGYTJXEPQ'),
(1396,	1,	'2024-10-23 22:19:49.972',	't',	'EG23',	'EGVWPVS7H'),
(1397,	2.15,	'2024-11-20 23:16:07.654',	'f',	'NO24',	'KOJDP0LVS'),
(1398,	1.5,	'2024-10-24 07:35:04.559',	'f',	'OO21',	'GEX7EEDTJ'),
(1399,	1.4,	'2024-12-25 15:30:55.38',	'f',	'EG31',	'OO7PZE9VI'),
(1400,	1.9,	'2024-12-08 11:37:50.007',	'f',	'OO17',	'AMH9SDBDW'),
(1401,	3.3,	'2024-10-10 17:11:18.638',	'f',	'OO27',	'NAOBMYOFQE'),
(1402,	1,	'2024-11-09 22:46:22.157',	't',	'EG36',	'EG7UR23GD'),
(1403,	0.9,	'2024-11-27 07:32:23.579',	'f',	'EG10',	'NOXFGCAQV'),
(1404,	3.25,	'2024-11-10 22:11:03.239',	'f',	'NO04',	'AMHJ7XVG0'),
(1405,	5.3,	'2024-11-25 18:08:14.351',	'f',	'EG30',	'NOE1V2ISQ'),
(1406,	0.3,	'2024-12-15 12:52:22.856',	't',	'EG44',	'EGC11ERTJ'),
(1407,	1.1,	'2025-01-04 09:55:30.444',	'f',	'AM26',	'NAOBMYOFQE'),
(1408,	1.8,	'2024-12-22 09:55:00.943',	't',	'EG08',	'EGVWPVS7H'),
(1409,	74.5,	'2024-11-17 05:35:04.724',	'f',	'GE01',	'OO3KKV9RF'),
(1410,	4.9,	'2024-11-11 10:41:14.765',	'f',	'EG19',	'NOXFGCAQV'),
(1411,	0.75,	'2024-11-29 02:23:10.054',	'f',	'NO31',	'EGVWPVS7H'),
(1412,	3.15,	'2024-12-21 14:58:23.052',	'f',	'MO07',	'OOZSJ49IT'),
(1413,	8.3,	'2024-11-06 05:56:08.095',	'f',	'AM02',	'GE5A0L725'),
(1414,	8.6,	'2024-12-29 08:12:33.861',	'f',	'AM08',	'NAOURTP0LZ'),
(1415,	3.3,	'2024-10-30 05:34:25.031',	'f',	'OO27',	'KOJDP0LVS'),
(1416,	1.9,	'2024-12-19 21:24:14.999',	'f',	'MO10',	'OOZSJ49IT'),
(1417,	6.25,	'2024-11-29 20:31:49.154',	't',	'NAO25',	'NAOLY8OZCY'),
(1418,	0.6,	'2024-10-29 12:34:47.234',	'f',	'AM11',	'OO1B0Z3NX'),
(1419,	1.5,	'2024-10-15 00:14:16.704',	'f',	'AM16',	'NAOHAFEYUH'),
(1420,	2.8,	'2024-12-06 00:48:43.544',	'f',	'EG40',	'NOQLL8OS9'),
(1421,	2.05,	'2024-12-02 14:24:56.376',	'f',	'MO18',	'NO7PTX63C'),
(1422,	0.2,	'2025-01-02 01:16:52.644',	'f',	'EG45',	'AMHJ7XVG0'),
(1423,	14.6,	'2024-11-21 08:14:28.488',	'f',	'NO13',	'EGVWPVS7H'),
(1424,	6.25,	'2024-10-21 06:32:24.359',	'f',	'NAO30',	'EGRHOCN9J'),
(1425,	12.55,	'2024-12-19 02:16:43.309',	'f',	'NO07',	'NAO5ZJA8DZ'),
(1426,	2.7,	'2024-11-09 09:45:32.353',	'f',	'MO10',	'GEX7EEDTJ'),
(1427,	3.55,	'2024-11-02 14:01:24.786',	'f',	'NO07',	'MOV86WZS3'),
(1428,	2.5,	'2024-12-22 03:29:33.904',	'f',	'NAO03',	'EGRHOCN9J'),
(1429,	4.9,	'2025-01-03 07:15:24.005',	't',	'EG31',	'EGUT0CVS4'),
(1430,	0.8,	'2024-11-23 03:20:09.023',	't',	'EG45',	'EGC11ERTJ'),
(1431,	5.8,	'2024-12-20 17:51:23.061',	'f',	'NO28',	'EGRHOCN9J'),
(1432,	0.8,	'2024-11-28 11:53:12.909',	't',	'KO17',	'KOWM31YIH'),
(1433,	6.75,	'2024-12-16 15:18:16.006',	'f',	'KO05',	'NORCBPLJD'),
(1434,	6.25,	'2024-12-31 07:28:23.971',	'f',	'NAO24',	'OO7PZE9VI'),
(1435,	0.5,	'2024-11-27 23:47:29.352',	'f',	'KO26',	'NAOVZ41NAM'),
(1436,	2.5,	'2024-12-20 03:29:56.255',	'f',	'NAO38',	'NO7PTX63C'),
(1437,	1.1,	'2024-12-19 16:44:12.524',	'f',	'EG22',	'OOQ0OXFQ8'),
(1438,	2.9,	'2024-11-07 05:30:23.134',	'f',	'NO22',	'AMNT3W5UZ'),
(1439,	2.6,	'2024-10-17 00:02:24.305',	'f',	'OO19',	'GE2IAGL58'),
(1440,	6.25,	'2024-11-08 16:23:40.589',	'f',	'NAO41',	'OOQ0OXFQ8'),
(1441,	1.4,	'2024-12-15 16:24:49.034',	'f',	'EG63',	'KOJDP0LVS'),
(1442,	2.5,	'2024-11-07 21:52:36.102',	'f',	'NAO23',	'AMH9SDBDW'),
(1443,	1.1,	'2024-12-10 05:50:06.428',	'f',	'EG59',	'AMV3A3ZMF'),
(1444,	5.25,	'2024-12-05 20:24:16.886',	'f',	'MO03',	'EGUT0CVS4'),
(1445,	2.05,	'2024-12-12 15:56:20.633',	't',	'KO10',	'KOJDP0LVS'),
(1446,	1.8,	'2024-10-22 13:32:04.556',	'f',	'EG65',	'NAOVZ41NAM'),
(1447,	2.8,	'2024-10-18 20:39:31.367',	't',	'EG39',	'EGUT0CVS4'),
(1448,	9.4,	'2024-10-11 15:24:00.386',	'f',	'AM10',	'GE2IAGL58'),
(1449,	0.3,	'2024-11-11 18:37:51.807',	'f',	'EG45',	'GEL6246HI'),
(1450,	2.85,	'2024-10-11 09:24:07.745',	't',	'KO13',	'KOWM31YIH'),
(1451,	1.3,	'2024-11-01 15:02:22.49',	'f',	'KO23',	'NAOHAFEYUH'),
(1452,	1,	'2024-12-17 11:00:00.326',	'f',	'EG36',	'KOJDP0LVS'),
(1453,	1.3,	'2024-12-19 04:26:36.037',	'f',	'KO19',	'NOXFGCAQV'),
(1454,	5.1,	'2025-01-05 18:24:06.06',	'f',	'OO23',	'NAO5UQPGB7'),
(1455,	0.6,	'2024-11-08 00:40:48.882',	'f',	'EG09',	'NAOBMYOFQE'),
(1456,	3.6,	'2024-10-11 02:57:13.808',	'f',	'AM05',	'OO1B0Z3NX'),
(1457,	2.9,	'2024-10-29 12:53:07.241',	'f',	'MO17',	'AMH9SDBDW'),
(1458,	1.4,	'2025-01-02 23:40:13.213',	'f',	'EG31',	'KOIXA11DP'),
(1459,	2.3,	'2024-10-08 21:54:04.933',	'f',	'EG10',	'MOV86WZS3'),
(1460,	0.4,	'2024-11-30 18:41:46.144',	'f',	'AM11',	'NAONSM43D8'),
(1461,	1.8,	'2024-10-17 02:00:33.265',	'f',	'MO05',	'GEJA1WJ0T'),
(1462,	4.8,	'2024-12-19 04:43:11.666',	'f',	'KO06',	'EGSEIMVIH'),
(1463,	6.2,	'2024-12-24 17:10:02.308',	'f',	'OO04',	'NAONSM43D8'),
(1464,	2.15,	'2024-11-23 16:23:19.218',	't',	'NO23',	'NOE1V2ISQ'),
(1465,	0.8,	'2025-01-03 04:24:59.789',	'f',	'NO21',	'NAOHL1N13J'),
(1466,	0.9,	'2024-11-14 06:46:24.038',	'f',	'KO24',	'EGUT0CVS4'),
(1467,	10,	'2024-11-19 05:45:26.516',	'f',	'NAO02',	'AMXAJI0Y6'),
(1468,	10,	'2024-11-03 06:40:13.7',	'f',	'NAO18',	'AMXAJI0Y6'),
(1469,	5.4,	'2024-12-09 08:50:32.247',	'f',	'NO25',	'NAOHAFEYUH'),
(1470,	1.1,	'2025-01-04 13:06:15.544',	't',	'EG46',	'EGYTJXEPQ'),
(1471,	6.25,	'2024-11-07 14:20:22.314',	'f',	'NAO07',	'KOWKTAKPU'),
(1472,	1.3,	'2024-11-03 05:38:44.337',	'f',	'MO15',	'NOE1V2ISQ'),
(1473,	0.7,	'2024-11-30 13:18:23.443',	'f',	'EG74',	'GEJA1WJ0T'),
(1474,	0.2,	'2024-11-02 18:33:43.959',	'f',	'EG68',	'KOWKTAKPU'),
(1475,	1.25,	'2024-11-16 00:28:35.464',	't',	'NAO31',	'NAOHL1N13J'),
(1476,	10.5,	'2024-12-14 21:21:37.8',	'f',	'NO10',	'NAO09SKDGI'),
(1477,	2.6,	'2024-12-29 00:27:42.248',	'f',	'MO06',	'EGRHOCN9J'),
(1478,	10,	'2024-12-17 17:12:05.364',	'f',	'NAO12',	'GEL6246HI'),
(1479,	1,	'2024-12-29 21:57:19.317',	'f',	'EG19',	'NAO09SKDGI'),
(1480,	0.3,	'2024-10-31 06:24:34.446',	't',	'EG59',	'EGRHOCN9J'),
(1481,	1,	'2024-11-21 20:00:54.687',	'f',	'EG11',	'NAOHL1N13J'),
(1482,	0.4,	'2024-12-30 12:23:20.298',	'f',	'OO22',	'NOQLL8OS9'),
(1483,	1.25,	'2024-12-30 02:07:42.985',	't',	'NAO20',	'NAOHAFEYUH'),
(1484,	0.2,	'2024-11-02 10:46:29.217',	't',	'EG67',	'EGIGQPKI7'),
(1485,	0.8,	'2024-11-02 03:16:13.527',	'f',	'EG46',	'NORCBPLJD'),
(1486,	0.8,	'2024-10-19 15:36:54.089',	'f',	'MO18',	'AMLJH75LX'),
(1487,	0.9,	'2024-12-26 04:17:21.557',	'f',	'EG60',	'MOV86WZS3'),
(1488,	2.5,	'2024-12-23 09:32:20.215',	'f',	'NAO28',	'EGRHOCN9J'),
(1489,	1.15,	'2024-12-27 02:42:44.53',	'f',	'KO13',	'GE2IAGL58'),
(1490,	1.5,	'2024-11-13 18:06:50.36',	'f',	'EG30',	'NOQLL8OS9'),
(1491,	6.9,	'2024-11-15 04:59:01.599',	'f',	'OO07',	'GEX7EEDTJ'),
(1492,	5.5,	'2024-10-28 00:52:17.361',	'f',	'OO12',	'NAOHL1N13J'),
(1493,	0.7,	'2024-11-29 11:38:56.445',	'f',	'AM14',	'OOZSJ49IT'),
(1494,	4.15,	'2024-10-30 17:09:35.501',	'f',	'NO14',	'EGYTJXEPQ'),
(1495,	0.7,	'2024-11-06 00:38:33.999',	'f',	'EG36',	'NAOBMYOFQE'),
(1496,	6.25,	'2024-12-05 16:43:47.685',	't',	'NAO19',	'NAOHL1N13J'),
(1497,	0.8,	'2024-11-06 02:56:13.736',	'f',	'OO26',	'KONCXLL4Z'),
(1498,	2.5,	'2024-12-21 06:22:15.639',	't',	'EG74',	'EGF1T2TAL'),
(1499,	13.1,	'2024-11-15 07:02:47.152',	'f',	'AM10',	'EGSEIMVIH'),
(1500,	7.9,	'2024-10-29 10:30:15.755',	'f',	'MO07',	'OO7PZE9VI'),
(1501,	0.8,	'2024-12-15 23:27:02.501',	'f',	'AM24',	'MOV86WZS3'),
(1502,	0.2,	'2024-12-25 04:36:49.747',	'f',	'EG73',	'KOJDP0LVS'),
(1503,	2.15,	'2024-11-02 11:41:31.534',	'f',	'NO23',	'EG9CHJ755'),
(1504,	2.5,	'2025-01-06 06:30:58.389',	'f',	'EG65',	'AMXAJI0Y6'),
(1505,	1.25,	'2024-11-22 17:51:06.026',	'f',	'NAO02',	'AMV3A3ZMF'),
(1506,	0.8,	'2024-11-04 04:35:33.678',	't',	'KO18',	'KOJDP0LVS'),
(1507,	2.25,	'2024-12-01 13:23:36.772',	'f',	'NO04',	'KONCXLL4Z'),
(1508,	0.3,	'2024-11-06 17:06:01.469',	'f',	'MO15',	'NAONSM43D8'),
(1509,	1.1,	'2024-12-17 18:38:04.411',	'f',	'EG45',	'NAOVZ41NAM'),
(1510,	6.3,	'2024-10-20 01:52:14.083',	'f',	'EG25',	'NAO5UQPGB7'),
(1511,	2.8,	'2024-11-24 06:03:30.103',	't',	'AM08',	'AMNT3W5UZ'),
(1512,	6.9,	'2024-11-15 01:44:09.138',	'f',	'AM29',	'GE2IAGL58'),
(1513,	1.3,	'2024-12-21 16:00:38.401',	'f',	'OO15',	'GE5A0L725'),
(1514,	0.3,	'2024-12-08 13:23:26.208',	't',	'EG63',	'EG9CHJ755'),
(1515,	0.9,	'2024-10-22 21:19:28.764',	'f',	'KO23',	'EGSEIMVIH'),
(1516,	0.9,	'2024-10-22 09:16:57.128',	'f',	'EG60',	'NO7PTX63C'),
(1517,	2.1,	'2024-11-25 10:15:41.572',	'f',	'MO04',	'GE5A0L725'),
(1518,	2.7,	'2024-10-12 05:44:46.012',	'f',	'AM11',	'NAONSM43D8'),
(1519,	1.25,	'2024-10-08 20:09:14.26',	'f',	'NAO02',	'OO7PZE9VI'),
(1520,	0.9,	'2024-11-30 21:42:20.605',	'f',	'KO16',	'AMNT3W5UZ'),
(1521,	7.6,	'2024-10-10 06:39:15.983',	'f',	'NO24',	'NAO5ZJA8DZ'),
(1522,	2.5,	'2024-12-18 21:15:31.473',	'f',	'NAO29',	'EGUT0CVS4'),
(1523,	1.1,	'2024-11-05 15:53:45.745',	'f',	'OO11',	'NOQLL8OS9'),
(1524,	8.9,	'2024-10-25 16:51:33.473',	'f',	'OO06',	'AMLJH75LX'),
(1525,	1.8,	'2024-10-30 10:09:10.77',	'f',	'EG65',	'OO3KKV9RF'),
(1526,	0.3,	'2024-11-19 12:47:04.546',	'f',	'MO16',	'AMH9SDBDW'),
(1527,	0.9,	'2025-01-06 07:48:15.574',	'f',	'KO24',	'EGIGQPKI7'),
(1528,	1.1,	'2024-11-15 00:13:25.55',	't',	'EG66',	'EGIGQPKI7'),
(1529,	1.3,	'2024-12-08 17:38:58.159',	'f',	'OO18',	'EGUT0CVS4'),
(1530,	10,	'2024-12-18 22:18:01.725',	't',	'NAO19',	'NAOBMYOFQE'),
(1531,	1.4,	'2024-12-23 07:23:26.308',	'f',	'EG34',	'MOV86WZS3'),
(1532,	8.1,	'2024-11-28 12:29:26.391',	'f',	'OO01',	'EGF1T2TAL'),
(1533,	3.35,	'2024-12-06 05:51:24.57',	'f',	'NO12',	'EG9CHJ755'),
(1534,	4.5,	'2025-01-04 12:16:02.302',	'f',	'AM20',	'OO3KKV9RF'),
(1535,	1.8,	'2024-12-11 03:43:35.362',	'f',	'EG08',	'MOJCKJLTE'),
(1536,	0.4,	'2024-10-20 14:39:40.484',	'f',	'EG71',	'AMXAJI0Y6'),
(1537,	12,	'2024-10-08 09:11:25.044',	'f',	'AM08',	'NAOHL1N13J'),
(1538,	1.6,	'2024-12-16 21:02:18.197',	'f',	'OO02',	'EGC11ERTJ'),
(1539,	2.5,	'2025-01-03 08:23:44.399',	'f',	'NAO34',	'AMHJ7XVG0'),
(1540,	1.25,	'2024-11-09 08:43:12.577',	'f',	'NAO27',	'EGYTJXEPQ'),
(1541,	2.1,	'2024-12-10 20:54:47.157',	't',	'EG18',	'EGC11ERTJ'),
(1542,	2.6,	'2025-01-02 20:13:18.607',	'f',	'OO20',	'NO7PTX63C'),
(1543,	5.3,	'2024-10-09 05:39:23.364',	'f',	'EG17',	'GEL6246HI'),
(1544,	9.6,	'2024-10-17 23:13:54.865',	't',	'MO10',	'MOJCKJLTE'),
(1545,	1,	'2024-12-25 19:08:47.97',	't',	'EG74',	'EGVWPVS7H'),
(1546,	4.5,	'2024-10-18 09:16:14.11',	'f',	'EG25',	'MOJCKJLTE'),
(1547,	2.7,	'2024-11-07 18:26:06.365',	'f',	'MO09',	'NAOHAFEYUH'),
(1548,	0.5,	'2024-10-17 05:12:36.925',	'f',	'EG65',	'MOJCKJLTE'),
(1549,	2.3,	'2024-12-07 19:10:59.779',	'f',	'NO06',	'GEX7EEDTJ'),
(1550,	6.25,	'2024-11-12 16:59:37.904',	'f',	'NAO09',	'EGF1T2TAL'),
(1551,	8.1,	'2024-11-11 19:35:48.655',	'f',	'OO02',	'NORCBPLJD'),
(1552,	2,	'2024-12-13 11:27:25.112',	'f',	'AM01',	'EG9CHJ755'),
(1553,	1.25,	'2024-10-14 11:16:45.11',	'f',	'NAO07',	'EGRHOCN9J'),
(1554,	2.5,	'2024-12-23 20:53:59.57',	't',	'EG74',	'EGUT0CVS4'),
(1555,	6.25,	'2024-11-14 11:16:57.073',	'f',	'NAO02',	'MOV86WZS3'),
(1556,	0.8,	'2025-01-05 04:46:43.002',	'f',	'MO14',	'AMNT3W5UZ'),
(1557,	3.3,	'2024-12-21 05:19:06.469',	'f',	'AM22',	'OO1B0Z3NX'),
(1558,	0.4,	'2024-12-06 04:46:19.035',	't',	'EG63',	'EGUT0CVS4'),
(1559,	4.8,	'2024-12-27 12:13:54.345',	'f',	'KO06',	'OO1B0Z3NX'),
(1560,	0.4,	'2024-11-11 23:51:15.485',	'f',	'AM11',	'NOE1V2ISQ'),
(1561,	10,	'2024-12-29 10:10:37.31',	'f',	'NAO10',	'EGYTJXEPQ'),
(1562,	2.3,	'2024-11-04 07:41:50.633',	'f',	'NO05',	'EGIGQPKI7'),
(1563,	4.6,	'2024-12-03 04:15:01.869',	'f',	'EG61',	'AMHJ7XVG0'),
(1564,	1.35,	'2024-11-08 20:25:54.127',	'f',	'NO17',	'OO3KKV9RF'),
(1565,	4.9,	'2024-10-31 21:29:29.549',	'f',	'EG37',	'GEJA1WJ0T'),
(1566,	2.5,	'2024-12-10 14:30:19.992',	'f',	'AM28',	'NORCBPLJD'),
(1567,	2.4,	'2024-12-25 03:09:50.234',	't',	'OO04',	'OOQ0OXFQ8'),
(1568,	6.3,	'2024-11-21 09:57:11.349',	'f',	'EG08',	'NAOBMYOFQE'),
(1569,	3.3,	'2024-12-31 12:10:09.135',	't',	'AM24',	'AMLJH75LX'),
(1570,	1.5,	'2024-11-15 12:37:34.356',	'f',	'AM16',	'NAOURTP0LZ'),
(1571,	2.5,	'2024-10-11 21:55:22.143',	'f',	'KO25',	'EGC11ERTJ'),
(1572,	6.75,	'2024-11-20 13:34:08.431',	'f',	'KO06',	'AMHJ7XVG0'),
(1573,	0.8,	'2024-10-15 00:01:57.944',	'f',	'MO17',	'EGC11ERTJ'),
(1574,	3.25,	'2024-11-24 12:37:48.691',	'f',	'NO06',	'NAOHAFEYUH'),
(1575,	10,	'2024-11-10 03:04:21.13',	'f',	'NAO14',	'KOWKTAKPU'),
(1576,	0.6,	'2024-12-04 17:56:17.495',	't',	'EG48',	'EGVWPVS7H'),
(1577,	10,	'2024-11-15 15:51:23.716',	't',	'NAO08',	'NAOBMYOFQE'),
(1578,	1,	'2024-10-16 15:38:08.376',	'f',	'EG23',	'GEL6246HI'),
(1579,	1.1,	'2024-11-22 22:03:29.835',	'f',	'EG68',	'OO1B0Z3NX'),
(1580,	1.25,	'2024-12-10 09:09:55.55',	'f',	'NAO16',	'OOZSJ49IT'),
(1581,	10.5,	'2024-12-11 07:43:11.543',	'f',	'EG02',	'NAOBMYOFQE'),
(1582,	0.6,	'2024-12-27 03:29:49.691',	'f',	'OO27',	'EGUT0CVS4'),
(1583,	0.8,	'2024-11-18 21:58:11.479',	'f',	'EG52',	'KONCXLL4Z'),
(1584,	10,	'2024-12-29 03:53:19.659',	'f',	'NAO18',	'NOX6GVWRD'),
(1585,	3.85,	'2024-12-07 00:34:51.195',	't',	'NO01',	'NOX6GVWRD'),
(1586,	6.85,	'2024-11-08 03:54:47.309',	'f',	'MO10',	'NAO5UQPGB7'),
(1587,	3.8,	'2024-12-29 16:44:16.579',	'f',	'EG29',	'AMHJ7XVG0'),
(1588,	5,	'2024-10-09 19:24:11.011',	'f',	'AM18',	'NAOURTP0LZ'),
(1589,	3.25,	'2024-11-05 22:52:49.57',	'f',	'NO04',	'EG7UR23GD'),
(1590,	0.2,	'2024-12-07 11:53:01.893',	'f',	'EG59',	'OOQ0OXFQ8'),
(1591,	1.75,	'2024-11-03 22:53:55.743',	'f',	'NO19',	'GE5A0L725'),
(1592,	0.9,	'2024-12-20 14:12:08.263',	't',	'EG49',	'EGUT0CVS4'),
(1593,	1,	'2024-12-11 15:48:10.399',	'f',	'EG74',	'MOV86WZS3'),
(1594,	0.9,	'2024-12-28 23:42:18.661',	't',	'EG10',	'EGVWPVS7H'),
(1595,	1.3,	'2024-12-24 23:28:02.226',	'f',	'OO18',	'GEL6246HI'),
(1596,	10,	'2024-12-26 07:02:48.157',	'f',	'NAO39',	'OO7PZE9VI'),
(1597,	1.1,	'2024-11-01 10:56:31.085',	'f',	'EG72',	'NAOBMYOFQE'),
(1598,	1.25,	'2024-11-08 03:20:47.84',	't',	'NAO38',	'NAONSM43D8'),
(1599,	0.8,	'2024-12-12 00:02:21.738',	't',	'EG46',	'EG7UR23GD'),
(1600,	74.5,	'2024-12-28 12:52:17.47',	'f',	'GE01',	'NAOVZ41NAM'),
(1601,	0.7,	'2024-11-05 06:24:40.214',	'f',	'AM17',	'GEL6246HI'),
(1602,	2.9,	'2024-12-20 23:12:41.908',	'f',	'KO18',	'OO3KKV9RF'),
(1603,	6.6,	'2024-11-30 21:32:01.981',	'f',	'OO16',	'MOV86WZS3'),
(1604,	3.25,	'2024-12-13 03:15:26.071',	'f',	'NO03',	'EG7UR23GD'),
(1605,	11.1,	'2024-12-31 03:42:09.51',	'f',	'MO08',	'KOWKTAKPU'),
(1606,	5,	'2024-11-25 23:38:16.984',	'f',	'EG33',	'NO7PTX63C'),
(1607,	1,	'2024-12-09 16:42:53.93',	'f',	'AM20',	'KOIXA11DP'),
(1608,	6.25,	'2024-10-10 00:51:35.634',	'f',	'NO20',	'GEJA1WJ0T'),
(1609,	0.2,	'2024-11-08 09:34:48.343',	'f',	'EG53',	'GEL6246HI'),
(1610,	6.25,	'2024-12-19 02:59:03.442',	't',	'NAO09',	'NAO5ZJA8DZ'),
(1611,	10,	'2025-01-03 19:22:22.623',	'f',	'NAO23',	'GE5A0L725'),
(1612,	4.8,	'2024-11-12 15:29:49.864',	'f',	'MO01',	'NOXFGCAQV'),
(1613,	12.55,	'2024-10-19 06:06:01.964',	'f',	'NO08',	'NAOHL1N13J'),
(1614,	1.5,	'2024-11-10 13:05:04.83',	'f',	'EG12',	'MOJCKJLTE'),
(1615,	6.25,	'2025-01-03 00:31:10.999',	'f',	'NAO25',	'GEX7EEDTJ'),
(1616,	2.5,	'2024-12-24 12:21:57.738',	'f',	'NAO13',	'OO1B0Z3NX'),
(1617,	5.4,	'2024-10-28 13:29:27.308',	't',	'NO24',	'NOXFGCAQV'),
(1618,	74.5,	'2024-12-02 03:25:47.877',	'f',	'GE01',	'AMNT3W5UZ'),
(1619,	3.6,	'2024-11-28 00:29:55.397',	'f',	'OO23',	'NAO5UQPGB7'),
(1620,	0.9,	'2024-11-06 03:01:03.26',	'f',	'OO27',	'KOWM31YIH'),
(1621,	0.2,	'2024-12-21 00:59:57.572',	'f',	'EG43',	'NOQLL8OS9'),
(1622,	10.8,	'2024-10-25 16:31:02.355',	'f',	'AM06',	'EGIGQPKI7'),
(1623,	2.5,	'2024-12-21 05:41:23.732',	'f',	'NAO18',	'EGUT0CVS4'),
(1624,	10,	'2024-11-29 03:52:29.532',	'f',	'NAO03',	'EGRHOCN9J'),
(1625,	6.25,	'2024-12-06 22:46:13.262',	't',	'NAO18',	'NAOLY8OZCY'),
(1626,	1,	'2024-11-13 17:23:15.887',	'f',	'OO14',	'EG9CHJ755'),
(1627,	2.7,	'2024-11-04 08:47:55.121',	'f',	'NO01',	'EGYTJXEPQ'),
(1628,	0.7,	'2024-10-26 13:11:22.081',	'f',	'KO26',	'NAOURTP0LZ'),
(1629,	6,	'2024-11-24 20:52:46.708',	'f',	'EG06',	'NAO5UQPGB7'),
(1630,	6.25,	'2024-11-03 23:13:17.692',	'f',	'NAO09',	'NOX6GVWRD'),
(1631,	6,	'2024-10-31 09:17:31.444',	't',	'EG05',	'EGRHOCN9J'),
(1632,	14.7,	'2024-12-19 22:21:56.43',	'f',	'GE01',	'NAOLY8OZCY'),
(1633,	1,	'2024-12-06 07:51:49.889',	'f',	'EG24',	'OO3KKV9RF'),
(1634,	0.8,	'2024-12-02 12:52:14.263',	'f',	'AM23',	'EGVWPVS7H'),
(1635,	1,	'2024-12-14 06:44:11.954',	't',	'EG12',	'EG7UR23GD'),
(1636,	0.8,	'2024-10-12 17:01:16.441',	'f',	'EG67',	'AMLJH75LX'),
(1637,	1.6,	'2024-12-07 09:17:30.344',	'f',	'EG22',	'GEJA1WJ0T'),
(1638,	9.6,	'2024-12-21 15:17:24.858',	'f',	'NO01',	'KOWM31YIH'),
(1639,	4.6,	'2024-11-09 21:40:03.857',	'f',	'KO19',	'GE2IAGL58'),
(1640,	0.5,	'2024-12-11 08:04:11.73',	'f',	'KO25',	'AMH9SDBDW'),
(1641,	4.15,	'2024-10-16 07:16:57.314',	'f',	'NO27',	'AMNT3W5UZ'),
(1642,	2.1,	'2024-12-30 17:08:24.602',	'f',	'NO21',	'GE2IAGL58'),
(1643,	3.5,	'2024-11-16 05:44:30.373',	'f',	'EG20',	'NOE1V2ISQ'),
(1644,	1.25,	'2025-01-03 16:46:25.768',	'f',	'NAO17',	'OOZSJ49IT'),
(1645,	0.9,	'2024-11-14 13:40:19.753',	'f',	'EG49',	'NAOP0J43D5'),
(1646,	0.3,	'2024-12-13 03:42:29.773',	'f',	'EG62',	'NOE1V2ISQ'),
(1647,	1.5,	'2024-10-18 06:03:00.111',	'f',	'EG11',	'NAOP0J43D5'),
(1648,	9.6,	'2024-12-23 15:41:56.399',	'f',	'NO01',	'AMNT3W5UZ'),
(1649,	0.3,	'2024-10-24 04:21:13.136',	'f',	'MO15',	'KOWKTAKPU'),
(1650,	2.05,	'2024-12-09 22:53:34.386',	'f',	'KO03',	'NOE1V2ISQ'),
(1651,	1.5,	'2024-12-16 09:37:57.762',	'f',	'NO23',	'KOWM31YIH'),
(1652,	0.6,	'2025-01-06 02:03:43.353',	'f',	'OO22',	'KOJDP0LVS'),
(1653,	6.2,	'2024-10-21 11:56:14.174',	'f',	'OO03',	'NOXFGCAQV'),
(1654,	1.4,	'2024-12-18 08:44:50.392',	'f',	'OO24',	'AMLJH75LX'),
(1655,	3.5,	'2025-01-05 19:11:19.856',	'f',	'OO13',	'NAOP0J43D5'),
(1656,	1.25,	'2024-11-02 23:04:50.829',	'f',	'NO20',	'EGRHOCN9J'),
(1657,	1.2,	'2024-10-17 06:54:14.147',	't',	'EG14',	'EG7UR23GD'),
(1658,	2.5,	'2024-11-23 00:41:36.306',	't',	'NAO27',	'NAOBMYOFQE'),
(1659,	9.6,	'2024-11-18 06:13:26.895',	'f',	'MO10',	'NAOLY8OZCY'),
(1660,	2.75,	'2024-11-10 19:12:26.469',	'f',	'NO32',	'NAONSM43D8'),
(1661,	5,	'2024-10-15 11:16:52.978',	'f',	'KO12',	'OO7PZE9VI'),
(1662,	1.3,	'2024-11-26 23:03:38.478',	'f',	'OO16',	'AMH9SDBDW'),
(1663,	0.7,	'2024-11-28 18:22:00.563',	'f',	'NO30',	'AMHJ7XVG0'),
(1664,	1.4,	'2024-10-19 02:31:13.658',	't',	'EG31',	'EG9CHJ755'),
(1665,	2.05,	'2024-10-29 21:26:12.458',	'f',	'KO18',	'AMXAJI0Y6'),
(1666,	1.3,	'2024-12-10 07:34:38.147',	'f',	'KO19',	'NAONSM43D8'),
(1667,	1.1,	'2024-10-14 05:51:05.397',	'f',	'AM14',	'GE2IAGL58'),
(1668,	3.9,	'2024-10-22 03:27:41.723',	'f',	'NO31',	'EGC11ERTJ'),
(1669,	2.35,	'2024-12-04 22:35:28.925',	'f',	'NO33',	'EGC11ERTJ'),
(1670,	3.5,	'2024-10-30 07:40:08.3',	'f',	'EG37',	'NAOLY8OZCY'),
(1671,	1.25,	'2024-11-22 20:44:15.986',	't',	'NAO19',	'NAO5ZJA8DZ'),
(1672,	2.2,	'2024-11-23 11:08:34.867',	'f',	'AM03',	'EG7UR23GD'),
(1673,	6.25,	'2024-11-16 06:24:41.59',	't',	'NAO19',	'NAOHL1N13J'),
(1674,	2.9,	'2024-10-28 07:34:37.576',	'f',	'MO18',	'NAOURTP0LZ'),
(1675,	3.6,	'2024-11-24 21:04:59.218',	'f',	'OO24',	'NO7PTX63C'),
(1676,	2.2,	'2024-11-04 18:56:15.43',	'f',	'AM09',	'EGYTJXEPQ'),
(1677,	1.4,	'2024-12-09 16:50:36.178',	'f',	'OO23',	'NORCBPLJD'),
(1678,	0.7,	'2024-12-27 07:25:08.661',	'f',	'KO26',	'GEJA1WJ0T'),
(1679,	8.1,	'2024-11-24 20:17:11.054',	'f',	'NO16',	'OO7PZE9VI'),
(1680,	5.5,	'2024-12-13 04:09:46.39',	'f',	'OO11',	'NOX6GVWRD'),
(1681,	4,	'2024-12-04 12:25:30.714',	't',	'EG22',	'EGC11ERTJ'),
(1682,	3.2,	'2024-12-31 20:59:27.07',	'f',	'EG10',	'KOIXA11DP'),
(1683,	0.8,	'2025-01-02 15:35:02.041',	'f',	'EG14',	'OOQ0OXFQ8'),
(1684,	0.4,	'2025-01-04 00:53:04.301',	'f',	'AM27',	'NAO5UQPGB7'),
(1685,	0.25,	'2024-11-19 07:31:51.851',	'f',	'KO24',	'NAO09SKDGI'),
(1686,	1.1,	'2024-11-01 11:26:25.552',	'f',	'EG52',	'AMHJ7XVG0'),
(1687,	3.35,	'2024-12-31 20:19:34.518',	'f',	'NO12',	'GEX7EEDTJ'),
(1688,	7.4,	'2024-12-18 22:32:37.803',	'f',	'MO03',	'NAOP0J43D5'),
(1689,	5.8,	'2024-10-13 02:46:48.76',	'f',	'NO27',	'EGUT0CVS4'),
(1690,	0.6,	'2024-11-05 20:09:42.673',	'f',	'EG54',	'NOXFGCAQV'),
(1691,	14.7,	'2024-12-13 17:20:08.765',	'f',	'NO10',	'AMNT3W5UZ'),
(1692,	3,	'2024-10-29 10:41:42.108',	'f',	'EG03',	'GE5A0L725'),
(1693,	6.85,	'2024-11-13 06:38:08.657',	'f',	'MO09',	'EG7UR23GD'),
(1694,	1.9,	'2024-11-06 12:20:54.849',	'f',	'KO05',	'NAOBMYOFQE'),
(1695,	3.25,	'2024-10-24 09:26:52.486',	'f',	'NO06',	'AMLJH75LX'),
(1696,	6.25,	'2024-10-21 00:19:06.71',	't',	'NAO09',	'NAO5UQPGB7'),
(1697,	6.9,	'2024-10-29 11:50:27.731',	'f',	'OO07',	'NAOBMYOFQE'),
(1698,	3.6,	'2024-10-14 11:14:29.43',	'f',	'AM06',	'NAO5ZJA8DZ'),
(1699,	1.1,	'2024-12-25 08:13:18.605',	't',	'EG22',	'EG9CHJ755'),
(1700,	1.25,	'2024-12-01 20:12:11.695',	'f',	'NAO05',	'GE2IAGL58'),
(1701,	1.2,	'2024-12-11 11:40:32.202',	'f',	'EG03',	'NAONSM43D8'),
(1702,	1.25,	'2024-11-05 07:35:39.755',	'f',	'NAO10',	'EGYTJXEPQ'),
(1703,	4.5,	'2024-10-10 22:44:21.12',	'f',	'AM14',	'NAONSM43D8'),
(1704,	2.4,	'2025-01-01 14:32:08.811',	'f',	'OO27',	'GE5A0L725'),
(1705,	0.8,	'2024-10-16 16:41:28.252',	'f',	'KO18',	'OO1B0Z3NX'),
(1706,	1.55,	'2024-10-31 05:14:04.416',	'f',	'NO26',	'EGIGQPKI7'),
(1707,	9.6,	'2024-12-09 11:35:36.93',	't',	'AM30',	'AMV3A3ZMF'),
(1708,	6.2,	'2024-12-11 08:36:17.711',	'f',	'OO04',	'NAOLY8OZCY'),
(1709,	0.8,	'2024-10-13 04:57:43.942',	'f',	'AM23',	'OOQ0OXFQ8'),
(1710,	1.25,	'2024-12-19 11:07:52.408',	't',	'NAO38',	'NAONSM43D8'),
(1711,	1.35,	'2024-12-26 05:35:18.327',	'f',	'KO06',	'GE2IAGL58'),
(1712,	3.85,	'2024-10-08 15:13:33.469',	'f',	'NO26',	'EGIGQPKI7'),
(1713,	4.7,	'2024-11-04 15:29:01.001',	'f',	'OO16',	'KOWM31YIH'),
(1714,	1,	'2024-10-31 02:38:14.874',	'f',	'EG19',	'AMNT3W5UZ'),
(1715,	10.5,	'2024-11-02 14:58:05.891',	'f',	'EG02',	'KONCXLL4Z'),
(1716,	2.05,	'2024-11-23 14:00:00.786',	'f',	'KO03',	'GEL6246HI'),
(1717,	1.4,	'2024-12-04 12:10:01.356',	'f',	'EG37',	'NORCBPLJD'),
(1718,	7.45,	'2024-12-23 21:38:34.437',	'f',	'KO03',	'OO3KKV9RF'),
(1719,	3,	'2024-12-02 23:15:52.851',	'f',	'EG13',	'AMXAJI0Y6'),
(1720,	2,	'2024-11-16 05:07:14.39',	'f',	'GE01',	'NO7PTX63C'),
(1721,	6.75,	'2024-12-04 18:54:27.937',	't',	'KO05',	'KOIXA11DP'),
(1722,	8.1,	'2024-12-01 23:20:34.853',	't',	'OO02',	'OO7PZE9VI'),
(1723,	1,	'2025-01-03 05:36:19.567',	'f',	'EG11',	'NAO5UQPGB7'),
(1724,	0.6,	'2024-10-14 11:35:28.249',	'f',	'AM12',	'OOZSJ49IT'),
(1725,	8.95,	'2024-10-20 07:27:42.487',	'f',	'NO08',	'NAOVZ41NAM'),
(1726,	1.4,	'2024-11-20 07:34:51.822',	'f',	'EG34',	'OOZSJ49IT'),
(1727,	4.8,	'2024-12-25 02:56:28.577',	'f',	'MO01',	'AMV3A3ZMF'),
(1728,	0.25,	'2024-10-10 00:20:33.995',	'f',	'KO23',	'EGSEIMVIH'),
(1729,	2.1,	'2024-11-28 15:33:35.766',	't',	'EG42',	'EG7UR23GD'),
(1730,	1.25,	'2024-11-19 03:48:52.653',	'f',	'NAO02',	'KOWKTAKPU'),
(1731,	2.8,	'2024-11-08 17:54:32.295',	'f',	'EG56',	'KOJDP0LVS'),
(1732,	7.5,	'2024-11-03 00:12:10.149',	'f',	'EG01',	'AMV3A3ZMF'),
(1733,	0.6,	'2024-12-24 23:13:45.666',	't',	'EG56',	'EGF1T2TAL'),
(1734,	1.6,	'2024-12-04 08:50:46.396',	'f',	'OO02',	'GEL6246HI'),
(1735,	1.4,	'2024-12-03 06:44:11.92',	'f',	'EG34',	'GEX7EEDTJ'),
(1736,	3,	'2024-10-10 23:07:25.283',	't',	'AM17',	'AMV3A3ZMF'),
(1737,	0.6,	'2024-10-29 05:15:17.681',	'f',	'EG09',	'AMNT3W5UZ'),
(1738,	4.9,	'2024-12-13 20:46:12.515',	'f',	'EG20',	'NAOVZ41NAM'),
(1739,	2.5,	'2024-12-18 22:49:37.096',	't',	'OO09',	'OO7PZE9VI'),
(1740,	5.4,	'2024-10-16 12:47:13.332',	'f',	'NO26',	'EGSEIMVIH'),
(1741,	9.4,	'2024-11-06 01:58:47.633',	'f',	'AM09',	'GEJA1WJ0T'),
(1742,	7.9,	'2024-10-14 17:07:43.68',	'f',	'MO08',	'EGYTJXEPQ'),
(1743,	2.85,	'2024-11-22 07:23:50.971',	'f',	'KO14',	'NOE1V2ISQ'),
(1744,	0.45,	'2024-11-13 08:23:48.749',	't',	'KO21',	'KOWM31YIH'),
(1745,	2.05,	'2024-12-31 19:31:12.559',	'f',	'MO17',	'EG7UR23GD'),
(1746,	7.4,	'2024-12-10 07:31:33.021',	'f',	'MO04',	'NAOP0J43D5'),
(1747,	1.8,	'2024-12-30 23:05:40.404',	't',	'EG71',	'EG7UR23GD'),
(1748,	2.05,	'2024-10-27 15:37:01.107',	't',	'KO18',	'KOWKTAKPU'),
(1749,	1,	'2024-12-09 04:41:35.238',	't',	'EG20',	'EG9CHJ755'),
(1750,	3.15,	'2024-10-08 12:31:04.241',	'f',	'KO15',	'NAO5UQPGB7'),
(1751,	0.3,	'2024-11-02 13:53:01.091',	't',	'EG66',	'EGYTJXEPQ'),
(1752,	0.5,	'2024-12-25 05:53:23.443',	'f',	'EG65',	'NAOBMYOFQE'),
(1753,	2.3,	'2024-12-14 01:27:44.505',	't',	'EG48',	'EGRHOCN9J'),
(1754,	3.9,	'2024-11-04 09:19:01.179',	'f',	'OO12',	'AMHJ7XVG0'),
(1755,	0.6,	'2024-11-28 12:59:49.216',	'f',	'KO16',	'EGIGQPKI7'),
(1756,	0.55,	'2024-11-05 19:21:14.315',	'f',	'NO22',	'GE5A0L725'),
(1757,	4.8,	'2024-10-30 00:26:26.204',	'f',	'NO18',	'KOWM31YIH'),
(1758,	1.25,	'2024-11-07 12:38:29.736',	't',	'NAO36',	'NAOLY8OZCY'),
(1759,	0.55,	'2024-12-28 17:55:45.064',	'f',	'NO22',	'KOJDP0LVS'),
(1760,	8.3,	'2024-11-30 09:32:30.956',	'f',	'AM01',	'NAOBMYOFQE'),
(1761,	0.6,	'2024-11-03 17:40:30.958',	'f',	'AM12',	'EGVWPVS7H'),
(1762,	4.15,	'2024-11-16 19:52:51.812',	'f',	'NO13',	'GEL6246HI'),
(1763,	2.5,	'2024-11-11 14:39:24.308',	'f',	'NAO30',	'EGSEIMVIH'),
(1764,	2.95,	'2024-10-20 11:22:20.492',	't',	'KO03',	'KOJDP0LVS'),
(1765,	6,	'2024-12-20 07:37:38.497',	'f',	'EG05',	'KOIXA11DP'),
(1766,	1.5,	'2025-01-03 17:59:49.868',	't',	'AM21',	'AMH9SDBDW'),
(1767,	2.05,	'2024-11-24 21:59:41.343',	'f',	'KO10',	'MOV86WZS3'),
(1768,	2.8,	'2024-11-10 21:27:56.455',	'f',	'AM08',	'OO7PZE9VI'),
(1769,	1.15,	'2024-11-16 17:47:37.194',	't',	'KO13',	'KONCXLL4Z'),
(1770,	4,	'2024-11-25 16:06:00.592',	'f',	'EG22',	'KOWKTAKPU'),
(1771,	5.4,	'2024-12-08 12:05:14.504',	'f',	'NO24',	'GEL6246HI'),
(1772,	2.3,	'2024-10-21 08:16:35.661',	'f',	'OO01',	'AMV3A3ZMF'),
(1773,	3.55,	'2024-12-19 13:50:14.762',	'f',	'NO07',	'OOZSJ49IT'),
(1774,	2.5,	'2024-11-30 03:53:14.808',	'f',	'NAO15',	'EGVWPVS7H'),
(1775,	1.3,	'2024-11-22 14:25:19.659',	't',	'EG25',	'EG9CHJ755'),
(1776,	5.25,	'2025-01-03 01:59:46.848',	'f',	'MO03',	'NOE1V2ISQ'),
(1777,	2.85,	'2024-12-29 17:41:46.022',	'f',	'KO13',	'AMXAJI0Y6'),
(1778,	1.75,	'2024-11-20 21:56:01.006',	'f',	'NO19',	'NAO5ZJA8DZ'),
(1779,	3.5,	'2024-10-21 14:33:25.185',	'f',	'OO13',	'NAOHL1N13J'),
(1780,	1.25,	'2024-12-29 22:47:30.097',	'f',	'NAO28',	'GEJA1WJ0T'),
(1781,	0.4,	'2024-12-28 17:06:18.195',	'f',	'AM27',	'NAOVZ41NAM'),
(1782,	1.25,	'2024-10-23 03:18:33.585',	'f',	'NO20',	'NAOLY8OZCY'),
(1783,	2.5,	'2024-10-27 06:32:48.233',	'f',	'NAO16',	'EG7UR23GD'),
(1784,	6.25,	'2024-11-01 19:24:21.376',	'f',	'NAO33',	'OO1B0Z3NX'),
(1785,	5.4,	'2024-12-10 07:04:17.326',	'f',	'NO25',	'EGYTJXEPQ'),
(1786,	1,	'2024-12-03 18:03:45.52',	'f',	'EG36',	'AMLJH75LX'),
(1787,	1.1,	'2024-10-20 17:44:58.395',	't',	'AM13',	'AMHJ7XVG0'),
(1788,	7.25,	'2024-12-17 01:16:59.071',	'f',	'KO09',	'NORCBPLJD'),
(1789,	1.6,	'2024-10-24 13:11:19.864',	'f',	'OO01',	'AMV3A3ZMF'),
(1790,	0.8,	'2024-12-20 13:28:15.742',	'f',	'EG45',	'NOE1V2ISQ'),
(1791,	4.8,	'2025-01-04 07:50:35.775',	't',	'KO06',	'KONCXLL4Z'),
(1792,	4.9,	'2024-11-11 16:44:59.209',	'f',	'AM26',	'EG9CHJ755'),
(1793,	2.25,	'2024-12-28 19:06:51.314',	't',	'NO04',	'NO7PTX63C'),
(1794,	1.4,	'2024-10-16 03:45:12.53',	'f',	'EG19',	'NAO5UQPGB7'),
(1795,	1.1,	'2024-11-29 10:00:30.582',	'f',	'AM26',	'GE5A0L725'),
(1796,	2.5,	'2024-10-13 18:51:05.099',	't',	'NAO39',	'NAONSM43D8'),
(1797,	2,	'2024-11-27 23:14:02.659',	'f',	'AM01',	'GEL6246HI'),
(1798,	10,	'2024-10-13 04:38:06.116',	't',	'NAO32',	'NAOP0J43D5'),
(1799,	3.3,	'2024-12-10 04:18:22.621',	'f',	'AM24',	'OO1B0Z3NX'),
(1800,	0.7,	'2024-11-01 15:27:59.63',	'f',	'KO25',	'GEX7EEDTJ'),
(1801,	2.9,	'2024-12-13 07:10:06.1',	'f',	'OO25',	'EGSEIMVIH'),
(1802,	9.4,	'2024-11-24 13:05:42.965',	'f',	'AM10',	'NAOHAFEYUH'),
(1803,	1.25,	'2024-12-25 06:38:07.777',	't',	'NAO05',	'NAO5UQPGB7'),
(1804,	6.25,	'2024-10-13 05:58:31.405',	'f',	'NAO09',	'OO7PZE9VI'),
(1805,	2.1,	'2024-10-08 16:44:39.729',	'f',	'MO04',	'GE2IAGL58'),
(1806,	2.8,	'2024-12-06 23:36:31.774',	'f',	'EG56',	'OO3KKV9RF'),
(1807,	1.8,	'2025-01-05 15:19:56.494',	'f',	'OO19',	'NAOLY8OZCY'),
(1808,	2,	'2024-12-03 18:56:34.917',	't',	'AM07',	'AMH9SDBDW'),
(1809,	2.3,	'2024-12-29 20:01:40.362',	'f',	'EG49',	'GEL6246HI'),
(1810,	10,	'2024-11-22 21:30:35.532',	't',	'NAO38',	'NAOURTP0LZ'),
(1811,	4.9,	'2024-10-17 08:33:05.94',	't',	'EG23',	'EGUT0CVS4'),
(1812,	3.3,	'2024-10-10 11:09:43.177',	'f',	'KO20',	'NORCBPLJD'),
(1813,	0.2,	'2024-11-18 21:19:38.318',	'f',	'EG43',	'GEX7EEDTJ'),
(1814,	1.3,	'2024-11-25 17:27:00.379',	't',	'OO18',	'OO7PZE9VI'),
(1815,	2.7,	'2024-11-11 00:41:45.091',	'f',	'AM11',	'KONCXLL4Z'),
(1816,	9.1,	'2024-10-14 02:57:41.436',	'f',	'OO19',	'NAOBMYOFQE'),
(1817,	9.6,	'2024-12-21 00:02:50.082',	'f',	'NO02',	'EGYTJXEPQ'),
(1818,	1.35,	'2024-11-28 16:54:46.46',	'f',	'KO06',	'MOJCKJLTE'),
(1819,	1.6,	'2024-11-20 15:27:51.922',	'f',	'EG22',	'NO7PTX63C'),
(1820,	0.3,	'2024-12-25 21:16:19.394',	't',	'EG66',	'EGUT0CVS4'),
(1821,	13.1,	'2024-11-01 07:40:36.451',	'f',	'AM09',	'EGIGQPKI7'),
(1822,	1.1,	'2024-10-30 18:11:46.853',	'f',	'EG21',	'GEX7EEDTJ'),
(1823,	0.8,	'2024-11-29 10:22:17.899',	'f',	'EG39',	'KOWM31YIH'),
(1824,	8.35,	'2024-11-25 01:07:30.585',	'f',	'NO34',	'MOV86WZS3'),
(1825,	0.6,	'2024-12-25 11:24:07.205',	'f',	'EG42',	'GEX7EEDTJ'),
(1826,	0.4,	'2024-11-30 12:48:49.91',	't',	'EG50',	'EGUT0CVS4'),
(1827,	2.9,	'2024-12-28 01:00:20.562',	'f',	'NO22',	'NAOURTP0LZ'),
(1828,	5.8,	'2024-11-06 11:04:14.155',	'f',	'NO27',	'MOJCKJLTE'),
(1829,	2.9,	'2024-10-16 01:17:58.481',	'f',	'NO22',	'GE2IAGL58'),
(1830,	1.8,	'2024-11-14 14:12:41.074',	'f',	'OO19',	'GEL6246HI'),
(1831,	2.5,	'2024-11-18 15:15:31.364',	'f',	'EG74',	'NAOURTP0LZ'),
(1832,	1.1,	'2024-12-05 00:12:48.412',	'f',	'EG43',	'NAOHAFEYUH'),
(1833,	2.3,	'2024-11-05 06:08:12.854',	'f',	'EG10',	'NAOBMYOFQE'),
(1834,	1.45,	'2024-10-19 12:13:19.008',	'f',	'KO10',	'NAOHAFEYUH'),
(1835,	6.25,	'2024-12-24 14:30:24.452',	't',	'NAO37',	'NAO5UQPGB7'),
(1836,	1.25,	'2024-12-18 06:46:39.422',	'f',	'NAO38',	'OO1B0Z3NX'),
(1837,	2.5,	'2024-11-21 07:22:36.859',	't',	'NAO20',	'NAOHL1N13J'),
(1838,	2.5,	'2024-10-18 12:07:16.575',	'f',	'AM06',	'EGF1T2TAL'),
(1839,	2.1,	'2024-11-29 18:23:58.014',	'f',	'AM16',	'NAOP0J43D5'),
(1840,	0.35,	'2024-12-06 16:19:09.878',	't',	'KO24',	'KOWM31YIH'),
(1841,	1,	'2025-01-03 23:13:33.909',	't',	'OO23',	'OOQ0OXFQ8'),
(1842,	2.5,	'2024-10-18 19:21:26.011',	'f',	'NAO36',	'GEJA1WJ0T'),
(1843,	1.6,	'2024-12-15 07:57:36.887',	't',	'OO01',	'OOQ0OXFQ8'),
(1844,	1.3,	'2024-11-07 18:58:25.878',	'f',	'MO15',	'OOQ0OXFQ8'),
(1845,	6.25,	'2024-11-09 20:42:34.02',	't',	'NAO27',	'NAOBMYOFQE'),
(1846,	0.55,	'2024-12-29 19:27:03.893',	'f',	'KO18',	'OO7PZE9VI'),
(1847,	12,	'2025-01-05 01:42:05.516',	'f',	'AM08',	'NAOHL1N13J'),
(1848,	1.15,	'2024-11-11 09:56:11.803',	'f',	'NO27',	'AMHJ7XVG0'),
(1849,	1.85,	'2025-01-04 12:16:32.106',	'f',	'KO08',	'NORCBPLJD'),
(1850,	13.5,	'2024-10-08 11:53:25.377',	'f',	'NO02',	'NAOP0J43D5'),
(1851,	2.05,	'2024-11-26 08:44:38.785',	'f',	'KO10',	'OOQ0OXFQ8'),
(1852,	5,	'2024-10-14 19:08:14.831',	'f',	'EG33',	'KONCXLL4Z'),
(1853,	2.2,	'2024-10-13 13:13:30.85',	'f',	'AM04',	'KOIXA11DP'),
(1854,	6.25,	'2024-12-02 18:17:36.017',	'f',	'NAO32',	'GEL6246HI'),
(1855,	11.1,	'2024-11-29 08:42:11.509',	't',	'MO08',	'MOJCKJLTE'),
(1856,	0.3,	'2024-11-15 11:05:08.769',	't',	'EG67',	'EG9CHJ755'),
(1857,	4.8,	'2024-11-18 14:33:43.777',	'f',	'MO02',	'NAO5UQPGB7'),
(1858,	0.6,	'2024-11-14 11:48:59.555',	'f',	'EG55',	'GEL6246HI'),
(1859,	8.95,	'2024-12-04 17:07:14.469',	'f',	'NO07',	'GEX7EEDTJ'),
(1860,	1.1,	'2024-12-21 20:32:14.457',	'f',	'NO31',	'KOJDP0LVS'),
(1861,	1.9,	'2024-10-27 09:30:11.343',	'f',	'MO09',	'GE2IAGL58'),
(1862,	6.25,	'2024-11-11 12:31:27.025',	'f',	'NAO17',	'NOQLL8OS9'),
(1863,	1.35,	'2024-12-12 03:09:55.859',	'f',	'NO17',	'OOQ0OXFQ8'),
(1864,	1.5,	'2024-11-01 14:54:52.436',	'f',	'EG55',	'AMH9SDBDW'),
(1865,	11.75,	'2024-10-11 11:11:06.758',	'f',	'NO34',	'KOWKTAKPU'),
(1866,	1.1,	'2024-11-28 22:39:26.622',	'f',	'OO11',	'NAOLY8OZCY'),
(1867,	2.85,	'2025-01-01 00:02:43.003',	'f',	'KO13',	'NAOHL1N13J'),
(1868,	1.6,	'2024-11-06 21:09:19.018',	't',	'AM29',	'AMV3A3ZMF'),
(1869,	12.55,	'2024-10-20 02:48:13.572',	'f',	'NO08',	'NAO5ZJA8DZ'),
(1870,	6.25,	'2024-11-05 15:03:06.794',	'f',	'NAO06',	'AMNT3W5UZ'),
(1871,	6.25,	'2024-10-26 10:19:29.839',	'f',	'NAO31',	'EGIGQPKI7'),
(1872,	0.9,	'2024-10-14 07:13:46.491',	'f',	'KO19',	'MOJCKJLTE'),
(1873,	3.2,	'2024-10-16 09:06:26.525',	'f',	'AM14',	'OOZSJ49IT'),
(1874,	1.8,	'2025-01-02 19:19:14.491',	'f',	'NO29',	'AMLJH75LX'),
(1875,	8.7,	'2024-10-29 21:43:45.231',	'f',	'OO04',	'NOXFGCAQV'),
(1876,	1.4,	'2024-10-19 08:25:21.696',	'f',	'MO12',	'GE5A0L725'),
(1877,	1.3,	'2024-12-23 07:29:51.782',	'f',	'OO08',	'NO7PTX63C'),
(1878,	2.3,	'2024-10-11 10:59:37.334',	't',	'NO16',	'NOE1V2ISQ'),
(1879,	1.3,	'2024-11-22 01:58:17.219',	'f',	'MO15',	'EGRHOCN9J'),
(1880,	3.4,	'2024-11-04 11:56:36.067',	'f',	'MO02',	'NAOBMYOFQE'),
(1881,	1.4,	'2024-12-07 02:02:04.415',	'f',	'EG51',	'OOQ0OXFQ8'),
(1882,	2.8,	'2024-12-11 17:47:25.221',	'f',	'EG57',	'GEX7EEDTJ'),
(1883,	1.4,	'2024-12-17 18:21:07.346',	'f',	'EG38',	'OO1B0Z3NX'),
(1884,	1.4,	'2024-11-28 20:51:57.794',	'f',	'AM02',	'EGUT0CVS4'),
(1885,	2.7,	'2024-10-20 05:01:48.501',	'f',	'MO10',	'NAOURTP0LZ'),
(1886,	0.8,	'2024-12-21 10:47:31.074',	'f',	'AM24',	'NAONSM43D8'),
(1887,	4.9,	'2024-11-24 19:02:31.193',	'f',	'EG19',	'OOQ0OXFQ8'),
(1888,	11.85,	'2024-12-18 07:15:18.866',	'f',	'NO12',	'NAO5ZJA8DZ'),
(1889,	5.4,	'2024-11-16 13:58:16.031',	'f',	'NO23',	'MOV86WZS3'),
(1890,	0.3,	'2024-10-14 21:38:15.112',	'f',	'EG62',	'MOJCKJLTE'),
(1891,	2.5,	'2024-12-26 18:43:40.97',	'f',	'NO08',	'EG9CHJ755'),
(1892,	1.6,	'2024-11-26 19:43:40.233',	'f',	'OO02',	'NORCBPLJD'),
(1893,	3.5,	'2024-10-30 18:13:24.975',	't',	'EG37',	'EGYTJXEPQ'),
(1894,	0.5,	'2024-11-13 23:23:53.191',	'f',	'EG70',	'NO7PTX63C'),
(1895,	0.95,	'2024-10-27 11:49:52.541',	'f',	'NO17',	'NAO5UQPGB7'),
(1896,	1.25,	'2024-10-08 19:54:44.17',	't',	'NAO40',	'NAOLY8OZCY'),
(1897,	1.4,	'2024-10-16 14:18:02.955',	'f',	'KO12',	'MOJCKJLTE'),
(1898,	2.5,	'2024-11-13 22:02:28.724',	'f',	'OO14',	'GE5A0L725'),
(1899,	2.5,	'2024-11-11 18:59:12.463',	'f',	'NAO12',	'EG7UR23GD'),
(1900,	0.3,	'2024-11-16 03:22:33.318',	'f',	'EG58',	'NO7PTX63C'),
(1901,	2.5,	'2024-12-28 16:23:02.353',	'f',	'NAO27',	'GE5A0L725'),
(1902,	0.8,	'2024-11-02 13:33:29.049',	'f',	'EG16',	'NAOURTP0LZ'),
(1903,	0.2,	'2024-10-26 19:31:22.714',	'f',	'EG47',	'OO3KKV9RF'),
(1904,	2.5,	'2024-11-28 23:57:01.087',	'f',	'AM06',	'GEL6246HI'),
(1905,	6.25,	'2024-12-15 13:00:57.541',	'f',	'NAO30',	'OOQ0OXFQ8'),
(1906,	1.3,	'2024-12-17 19:54:18.968',	'f',	'KO20',	'EGUT0CVS4'),
(1907,	6.2,	'2024-11-28 11:20:34.851',	'f',	'OO04',	'NAOP0J43D5'),
(1908,	3,	'2025-01-05 02:08:16.853',	'f',	'EG02',	'NOXFGCAQV'),
(1909,	3,	'2025-01-05 16:17:06.695',	'f',	'EG15',	'GEJA1WJ0T'),
(1910,	4.15,	'2024-11-03 09:50:54.184',	'f',	'NO14',	'NAONSM43D8'),
(1911,	0.9,	'2024-12-26 07:14:40.363',	'f',	'OO28',	'NAOHL1N13J'),
(1912,	1.4,	'2024-11-10 02:02:01.803',	't',	'EG24',	'EGYTJXEPQ'),
(1913,	10,	'2024-11-16 06:01:48.409',	'f',	'NAO28',	'EGRHOCN9J'),
(1914,	1.25,	'2024-11-21 14:18:35.936',	'f',	'NAO05',	'EGSEIMVIH'),
(1915,	2.1,	'2024-11-09 07:13:01.045',	'f',	'EG18',	'NOQLL8OS9'),
(1916,	2.8,	'2024-12-13 01:19:53.435',	't',	'EG39',	'EGRHOCN9J'),
(1917,	0.7,	'2024-11-05 07:00:01.666',	'f',	'OO13',	'KOWM31YIH'),
(1918,	0.3,	'2024-12-13 14:16:17.166',	't',	'EG45',	'EGIGQPKI7'),
(1919,	2.1,	'2024-10-24 23:18:58.722',	'f',	'MO04',	'EGSEIMVIH'),
(1920,	1.5,	'2024-11-16 22:41:35.938',	'f',	'EG41',	'NAOURTP0LZ'),
(1921,	6.25,	'2024-11-14 20:22:55.523',	'f',	'NAO32',	'EGSEIMVIH'),
(1922,	6.25,	'2024-11-07 14:28:30.971',	'f',	'NAO37',	'EGUT0CVS4'),
(1923,	1.25,	'2024-10-17 05:07:10.458',	't',	'NAO41',	'NAOVZ41NAM'),
(1924,	7.5,	'2024-12-09 03:49:03.082',	'f',	'EG01',	'KOJDP0LVS'),
(1925,	0.4,	'2024-11-18 05:08:38.625',	't',	'EG63',	'EGVWPVS7H'),
(1926,	4.2,	'2024-12-13 01:42:20.278',	't',	'AM17',	'AMV3A3ZMF'),
(1927,	0.3,	'2025-01-01 21:00:27.949',	't',	'EG53',	'EGSEIMVIH'),
(1928,	0.2,	'2024-10-22 04:31:43.256',	't',	'EG73',	'EGIGQPKI7'),
(1929,	2.7,	'2024-12-11 03:10:14.3',	'f',	'AM12',	'NAONSM43D8'),
(1930,	4.5,	'2024-12-20 00:31:39.917',	'f',	'AM21',	'NAOLY8OZCY'),
(1931,	2.5,	'2024-11-30 14:44:16.996',	'f',	'NAO05',	'AMHJ7XVG0'),
(1932,	2.5,	'2024-10-24 21:55:04.774',	'f',	'KO26',	'EGUT0CVS4'),
(1933,	3.3,	'2024-10-10 22:13:13.289',	'f',	'KO19',	'GEX7EEDTJ'),
(1934,	2.5,	'2024-10-14 03:01:32.142',	'f',	'KO26',	'OOZSJ49IT'),
(1935,	1.85,	'2024-11-06 11:07:47.323',	'f',	'KO08',	'EGC11ERTJ'),
(1936,	6.25,	'2024-12-21 15:04:33.808',	'f',	'NAO20',	'EGSEIMVIH'),
(1937,	1.8,	'2024-11-13 23:10:34.573',	'f',	'MO06',	'NOE1V2ISQ'),
(1938,	2.8,	'2024-11-27 22:34:32.014',	'f',	'EG40',	'GEJA1WJ0T'),
(1939,	2.5,	'2024-11-18 09:30:34.239',	'f',	'EG36',	'KOJDP0LVS'),
(1940,	0.9,	'2024-11-12 22:41:51.565',	't',	'EG09',	'EGIGQPKI7'),
(1941,	0.7,	'2024-10-11 23:21:29.315',	'f',	'KO25',	'NAOBMYOFQE'),
(1942,	8.5,	'2024-12-03 05:59:59.03',	'f',	'KO02',	'NOE1V2ISQ'),
(1943,	10,	'2024-12-12 09:41:40.953',	'f',	'NAO07',	'EGSEIMVIH'),
(1944,	6.8,	'2024-12-19 02:40:00.099',	't',	'AM03',	'AMXAJI0Y6'),
(1945,	1.2,	'2024-12-10 10:16:04.293',	'f',	'AM18',	'NAOHL1N13J'),
(1946,	4.8,	'2024-10-17 13:27:32.672',	'f',	'KO05',	'NOQLL8OS9'),
(1947,	1.25,	'2024-12-05 07:29:14.19',	't',	'NAO37',	'NAONSM43D8'),
(1948,	3.2,	'2024-11-26 20:13:50.506',	'f',	'EG48',	'NAONSM43D8'),
(1949,	4.7,	'2024-12-11 17:24:39.283',	'f',	'OO17',	'NOE1V2ISQ'),
(1950,	13.1,	'2025-01-04 21:18:26.201',	'f',	'AM10',	'EGC11ERTJ'),
(1951,	13.1,	'2024-12-27 03:06:42.941',	'f',	'AM09',	'NAONSM43D8'),
(1952,	1.6,	'2024-12-30 09:59:09.689',	'f',	'AM04',	'MOJCKJLTE'),
(1953,	2.5,	'2024-11-06 01:48:50.173',	'f',	'NAO19',	'NOX6GVWRD'),
(1954,	2.5,	'2024-11-13 07:17:30.976',	'f',	'NAO25',	'AMLJH75LX'),
(1955,	1.25,	'2024-11-03 03:26:44.607',	'f',	'NAO41',	'GEJA1WJ0T'),
(1956,	2.05,	'2025-01-02 11:53:38.596',	'f',	'KO03',	'AMNT3W5UZ'),
(1957,	6.25,	'2024-11-23 14:43:50.589',	'f',	'NAO23',	'KOWM31YIH'),
(1958,	0.6,	'2025-01-01 13:31:05.672',	'f',	'EG48',	'NOXFGCAQV'),
(1959,	8.3,	'2024-12-06 10:10:12.559',	't',	'AM01',	'AMHJ7XVG0'),
(1960,	6.3,	'2024-12-16 07:31:33.4',	'f',	'EG25',	'NOQLL8OS9'),
(1961,	0.5,	'2024-11-17 13:11:55.046',	'f',	'EG65',	'NAOP0J43D5'),
(1962,	1.7,	'2024-12-22 01:23:14.131',	'f',	'AM19',	'EGUT0CVS4'),
(1963,	8.6,	'2024-12-18 04:06:43.182',	'f',	'AM07',	'OO7PZE9VI'),
(1964,	2.7,	'2024-11-19 20:07:12.715',	't',	'NO01',	'NOX6GVWRD'),
(1965,	3.5,	'2024-10-10 20:14:42.683',	'f',	'EG23',	'KOJDP0LVS'),
(1966,	3.5,	'2024-12-16 17:53:13.359',	'f',	'OO13',	'AMV3A3ZMF'),
(1967,	10,	'2024-10-16 04:29:57.786',	'f',	'NAO22',	'EG7UR23GD'),
(1968,	0.2,	'2024-11-20 02:24:17.644',	'f',	'EG69',	'OO3KKV9RF'),
(1969,	0.3,	'2024-12-20 12:19:33.183',	't',	'EG12',	'EGF1T2TAL'),
(1970,	0.6,	'2024-10-28 17:21:09.749',	'f',	'KO16',	'MOJCKJLTE'),
(1971,	4.5,	'2024-10-10 13:45:07.158',	'f',	'EG07',	'AMLJH75LX'),
(1972,	0.3,	'2024-10-25 21:40:33.185',	'f',	'EG69',	'AMHJ7XVG0'),
(1973,	11.95,	'2024-11-21 13:27:04.533',	'f',	'KO02',	'AMH9SDBDW'),
(1974,	0.7,	'2024-10-11 18:24:16.158',	'f',	'EG35',	'AMLJH75LX'),
(1975,	6.8,	'2024-10-12 23:46:02.652',	't',	'AM25',	'AMH9SDBDW'),
(1976,	7.4,	'2024-11-04 23:16:30.137',	'f',	'MO04',	'NAO5ZJA8DZ'),
(1977,	4.7,	'2024-10-21 09:06:29.869',	'f',	'OO18',	'AMNT3W5UZ'),
(1978,	10.5,	'2024-12-12 22:24:55.318',	'f',	'NO10',	'GE5A0L725'),
(1979,	0.6,	'2024-10-19 02:45:44.351',	't',	'AM27',	'AMLJH75LX'),
(1980,	3.25,	'2024-12-24 20:17:53.924',	'f',	'NO05',	'KOJDP0LVS'),
(1981,	6.25,	'2024-12-25 00:00:13.342',	't',	'NAO26',	'NAOBMYOFQE'),
(1982,	0.8,	'2025-01-05 09:12:38.942',	'f',	'KO13',	'NAO5UQPGB7'),
(1983,	3.55,	'2024-10-19 14:55:18.314',	'f',	'NO07',	'EGF1T2TAL'),
(1984,	8.2,	'2024-11-25 10:41:33.688',	'f',	'NO05',	'EGYTJXEPQ'),
(1985,	8.2,	'2024-11-09 13:22:36.231',	'f',	'NO05',	'AMV3A3ZMF'),
(1986,	2.3,	'2024-12-20 11:38:26.048',	'f',	'EG10',	'NORCBPLJD'),
(1987,	1.3,	'2024-11-24 07:45:24.847',	'f',	'KO23',	'OOQ0OXFQ8'),
(1988,	5,	'2024-11-17 09:53:18.057',	'f',	'KO12',	'AMNT3W5UZ'),
(1989,	0.8,	'2024-12-06 12:55:31.36',	't',	'EG67',	'EGUT0CVS4'),
(1990,	1,	'2024-11-25 23:00:01.71',	'f',	'OO24',	'GEL6246HI'),
(1991,	1.6,	'2024-12-30 01:05:13.228',	'f',	'OO01',	'NAOLY8OZCY'),
(1992,	0.8,	'2024-12-06 13:26:09.048',	'f',	'EG66',	'OO7PZE9VI'),
(1993,	0.6,	'2024-12-24 09:09:00.105',	'f',	'KO16',	'GEL6246HI'),
(1994,	0.65,	'2024-11-08 11:21:42.823',	'f',	'KO22',	'NAOLY8OZCY'),
(1995,	9.6,	'2024-10-26 22:19:17.433',	'f',	'MO10',	'NOXFGCAQV'),
(1996,	3.45,	'2024-10-29 23:15:55.777',	'f',	'NO18',	'EGRHOCN9J'),
(1997,	6.25,	'2024-10-24 15:54:42.504',	'f',	'NAO30',	'GEL6246HI'),
(1998,	10,	'2024-11-28 14:23:26.612',	'f',	'NAO27',	'GEL6246HI'),
(1999,	9.6,	'2024-10-11 02:46:59.715',	'f',	'AM30',	'NOX6GVWRD'),
(2000,	7.4,	'2024-12-13 22:42:44.457',	'f',	'MO04',	'AMV3A3ZMF'),
(2001,	1.3,	'2024-11-12 01:21:34.454',	't',	'MO15',	'MOJCKJLTE'),
(2002,	14.7,	'2025-01-03 05:27:17.47',	'f',	'NO10',	'EGIGQPKI7');

DROP TABLE IF EXISTS "station";
CREATE TABLE "public"."station" (
    "id" character varying(5) NOT NULL,
    "name" character varying NOT NULL,
    "locality" character varying NOT NULL,
    "latitude" double precision NOT NULL,
    "longitude" double precision NOT NULL,
    "price1" double precision NOT NULL,
    "price2" double precision NOT NULL,
    "price3" double precision NOT NULL,
    "price4" double precision NOT NULL,
    "operatorId" character varying(5),
    CONSTRAINT "PK_cad1b3e7182ef8df1057b82f6aa" PRIMARY KEY ("id")
) WITH (oids = false);

TRUNCATE "station";
INSERT INTO "station" ("id", "name", "locality", "latitude", "longitude", "price1", "price2", "price3", "price4", "operatorId") VALUES
('AM01',	'Σταθμός Διοδίων Κλειδίου Μετωπικά (Προς Αθήνα)',	'Ημαθίας-Κλειδί',	40.51974,	22.57247,	1.4,	2,	5.9,	8.3,	'AM'),
('AM02',	'Σταθμός Διοδίων Κλειδίου Μετωπικά (Προς Θεσσαλονίκη)',	'Ημαθίας-Κλειδί',	40.51943,	22.5729,	1.4,	2,	5.9,	8.3,	'AM'),
('AM03',	'Σταθμός Διοδίων Μακρυχωρίου Μετωπικά (Προς Αθήνα)',	'Λάρισας-Μακρυχώρι',	39.80461,	22.50252,	1.6,	2.2,	6.8,	9.6,	'AM'),
('AM04',	'Σταθμός Διοδίων Μακρυχωρίου Μετωπικά (Προς Θεσσαλονίκη)',	'Λάρισας-Μακρυχώρι',	39.80427,	22.5027,	1.6,	2.2,	6.8,	9.6,	'AM'),
('AM05',	'Σταθμός Διοδίων Μοσχοχωρίου Μετωπικά (Προς Αθήνα)',	'Λάρισας-Μοσχοχώρι',	39.52294,	22.5567,	2.5,	3.6,	10.8,	15.1,	'AM'),
('AM06',	'Σταθμός Διοδίων Μοσχοχωρίου Μετωπικά (Προς Θεσσαλονίκη)',	'Λάρισας-Μοσχοχώρι',	39.52292,	22.55705,	2.5,	3.6,	10.8,	15.1,	'AM'),
('AM07',	'Σταθμός Διοδίων Λεπτοκαρυάς Μετωπικά (Προς Αθήνα)',	'Πιερίας-Λεπτοκαρυά',	40.03581,	22.56973,	2,	2.8,	8.6,	12,	'AM'),
('AM08',	'Σταθμός Διοδίων Λεπτοκαρυάς Μετωπικά (Προς Θεσσαλονίκη)',	'Πιερίας-Λεπτοκαρυά',	40.03565,	22.56999,	2,	2.8,	8.6,	12,	'AM'),
('AM09',	'Σταθμός Διοδίων Πελασγίας Μετωπικά (Προς Αθήνα)',	'Φθιώτιδος-Πελασγία',	38.92051,	22.84637,	2.2,	3.1,	9.4,	13.1,	'AM'),
('AM10',	'Σταθμός Διοδίων Πελασγίας Μετωπικά (Προς Θεσσαλονίκη)',	'Φθιώτιδος-Πελασγία',	38.92015,	22.84633,	2.2,	3.1,	9.4,	13.1,	'AM'),
('AM11',	'Σταθμός Διοδίων Γυρτώνης Πλευρικά (Από Αθήνα)',	'Λάρισας-Γυρτώνη',	39.74348,	22.47595,	0.4,	0.6,	1.9,	2.7,	'AM'),
('AM12',	'Σταθμός Διοδίων Γυρτώνης Πλευρικά (Προς Αθήνα)',	'Λάρισας-Γυρτώνη',	39.74499,	22.47529,	0.4,	0.6,	1.9,	2.7,	'AM'),
('AM13',	'Σταθμός Διοδίων Ευαγγελισμού Πλευρικά (Από Θεσσαλονίκη)',	'Λάρισας-Ευαγγελισμός',	39.82932,	22.51144,	0.7,	1.1,	3.2,	4.5,	'AM'),
('AM14',	'Σταθμός Διοδίων Ευαγγελισμού Πλευρικά (Προς Θεσσαλονίκη)',	'Λάρισας-Ευαγγελισμός',	39.82932,	22.51359,	0.7,	1.1,	3.2,	4.5,	'AM'),
('AM15',	'Σταθμός Διοδίων Κιλελέρ Πλευρικά (Από Αθήνα)',	'Λάρισας-Κιλελέρ',	39.4945,	22.62619,	1.5,	2.1,	6.4,	9,	'AM'),
('AM16',	'Σταθμός Διοδίων Κιλελέρ Πλευρικά (Προς Αθήνα)',	'Λάρισας-Κιλελέρ',	39.49332,	22.61891,	1.5,	2.1,	6.4,	9,	'AM'),
('AM17',	'Σταθμός Διοδίων Μακρυχωρίου Πλευρικά (Από Αθήνα)',	'Λάρισας-Μακρυχώρι',	39.7968,	22.49904,	0.7,	1,	3,	4.2,	'AM'),
('AM18',	'Σταθμός Διοδίων Μεγάλου Μοναστηρίου Πλευρικά (Από Αθήνα)',	'Λάρισας-Μεγάλο Μοναστήρι',	39.44227,	22.68931,	1.2,	1.7,	5,	7,	'AM'),
('AM19',	'Σταθμός Διοδίων Μεγάλου Μοναστηρίου Πλευρικά (Προς Αθήνα)',	'Λάρισας-Μεγάλο Μοναστήρι',	39.44117,	22.68652,	1.2,	1.7,	5,	7,	'AM'),
('AM20',	'Σταθμός Διοδίων Πυργετού Πλευρικά (Προς Αθήνα)',	'Λάρισας-Πυργετός',	39.90926,	22.62438,	1,	1.5,	4.5,	6.3,	'AM'),
('AM21',	'Σταθμός Διοδίων Πυργετού Πλευρικά (Προς Θεσσαλονίκη)',	'Λάρισας-Πυργετός',	39.90894,	22.62438,	1,	1.5,	4.5,	6.3,	'AM'),
('AM22',	'Σταθμός Διοδίων Βελεστίνου Πλευρικά (Από Αθήνα)',	'Μαγνησίας-Βελεστίνο',	39.38855,	22.76817,	0.8,	1.1,	3.3,	4.6,	'AM'),
('AM23',	'Σταθμός Διοδίων Βελεστίνου Πλευρικά (Προς Αθήνα)',	'Μαγνησίας-Βελεστίνο',	39.389,	22.76446,	0.8,	1.1,	3.3,	4.6,	'AM'),
('AM24',	'Σταθμός Διοδίων Βελεστίνου Πλευρικά (Προς Αθήνα)',	'Μαγνησίας-Βελεστίνο',	39.39075,	22.76492,	0.8,	1.1,	3.3,	4.6,	'AM'),
('AM25',	'Σταθμός Διοδίων Λεπτοκαρυάς Πλευρικά (Από Θεσσαλονίκη)',	'Πιερίας-Λεπτοκαρυά',	40.04498,	22.56406,	1.1,	1.6,	4.9,	6.8,	'AM'),
('AM26',	'Σταθμός Διοδίων Λεπτοκαρυάς Πλευρικά (Προς Θεσσαλονίκη)',	'Πιερίας-Λεπτοκαρυά',	40.04503,	22.56537,	1.1,	1.6,	4.9,	6.8,	'AM'),
('AM27',	'Σταθμός Διοδίων Πλαταμώνα Πλευρικά (Από Αθήνα)',	'Πιερίας-Πλαταμώνας',	39.98173,	22.62521,	0.4,	0.6,	1.8,	2.5,	'AM'),
('AM28',	'Σταθμός Διοδίων Πλαταμώνα Πλευρικά (Προς Αθήνα)',	'Πιερίας-Πλαταμώνας',	39.98173,	22.62488,	0.4,	0.6,	1.8,	2.5,	'AM'),
('AM29',	'Σταθμός Διοδίων Γλύφας Πλευρικά (Από Θεσσαλονίκη)',	'Φθιώτιδος-Γλύφα',	38.94941,	22.87566,	1.6,	2.3,	6.9,	9.6,	'AM'),
('AM30',	'Σταθμός Διοδίων Γλύφας Πλευρικά (Προς Θεσσαλονίκη)',	'Φθιώτιδος-Γλύφα',	38.94799,	22.87658,	1.6,	2.3,	6.9,	9.6,	'AM'),
('EG01',	'Σταθμός Διοδίων Σήραγγας Ακτίου Μετωπικά (Προς Αγρίνιο)',	'Αιτωλοακαρνανίας-Άκτιο',	38.94008,	20.76598,	0.7,	3,	7.5,	10.5,	'EG'),
('EG02',	'Σταθμός Διοδίων Σήραγγας Ακτίου Μετωπικά (Προς Πρέβεζα)',	'Αιτωλοακαρνανίας-Άκτιο',	38.94,	20.76634,	0.7,	3,	7.5,	10.5,	'EG'),
('EG03',	'Σταθμός Διοδίων Αρδανίου Μετωπικά (Προς Ηγουμενίτσα)',	'Έβρου-Αρδάνι',	40.94466,	26.20525,	0.8,	1.2,	3,	4.2,	'EG'),
('EG04',	'Σταθμός Διοδίων Αρδανίου Μετωπικά (Προς Κήπους)',	'Έβρου-Αρδάνι',	40.94448,	26.20509,	0.8,	1.2,	3,	4.2,	'EG'),
('EG05',	'Σταθμός Διοδίων Μεστής Μετωπικά (Προς Αλεξ/πολη)',	'Έβρου-Μεστή',	41.01349,	25.53327,	1.2,	1.7,	4.3,	6,	'EG'),
('EG06',	'Σταθμός Διοδίων Μεστής Μετωπικά (Προς Ηγουμενίτσα)',	'Έβρου-Μεστή',	41.01347,	25.53349,	1.2,	1.7,	4.3,	6,	'EG'),
('EG07',	'Σταθμός Διοδίων Ανάληψης Μετωπικά (Προς Αλεξ/πολη)',	'Θεσσαλονίκης-Ανάληψη',	40.70685,	23.19131,	1.3,	1.8,	4.5,	6.3,	'EG'),
('EG08',	'Σταθμός Διοδίων Ανάληψης Μετωπικά (Προς Ηγουμενίτσα)',	'Θεσσαλονίκης-Ανάληψη',	40.70687,	23.19166,	1.3,	1.8,	4.5,	6.3,	'EG'),
('EG09',	'Σταθμός Διοδίων Ασπροβάλτας Μετωπικά (Προς Αλεξανδρούπολη)',	'Θεσσαλονίκης-Ασπροβάλτα',	40.72626,	23.69369,	0.6,	0.9,	2.3,	3.2,	'EG'),
('EG10',	'Σταθμός Διοδίων Ασπροβάλτας Μετωπικά (Προς Ηγουμενίτσα)',	'Θεσσαλονίκης-Ασπροβάλτα',	40.72651,	23.6937,	0.6,	0.9,	2.3,	3.2,	'EG'),
('EG11',	'Σταθμός Διοδίων Θεσσαλονίκης Μετωπικά (Προς Αλεξανδρούπολη)',	'Θεσσαλονίκης-Θεσσαλονίκη',	40.69605,	22.89561,	0.3,	0.5,	1,	1.5,	'EG'),
('EG12',	'Σταθμός Διοδίων Θεσσαλονίκης Μετωπικά (Προς Ηγουμενίτσα)',	'Θεσσαλονίκης-Θεσσαλονίκη',	40.69621,	22.89602,	0.3,	0.5,	1,	1.5,	'EG'),
('EG13',	'Σταθμός Διοδίων Μαλγάρων Μετωπικά (Προς Αθήνα)',	'Θεσσαλονίκης-Μάλγαρα',	40.60257,	22.69825,	0.8,	1.2,	3,	4.2,	'EG'),
('EG14',	'Σταθμός Διοδίων Μαλγάρων Μετωπικά (Προς Θεσσαλονίκη)',	'Θεσσαλονίκης-Μάλγαρα',	40.60222,	22.69828,	0.8,	1.2,	3,	4.2,	'EG'),
('EG15',	'Σταθμός Διοδίων Παμβώτιδας Μετωπικά (Προς Αλεξ/πολη)',	'Ιωαννίνων-Ιωάννινα',	39.61861,	20.94787,	0.8,	1.2,	3,	4.2,	'EG'),
('EG16',	'Σταθμός Διοδίων Παμβώτιδας Μετωπικά (Προς Ηγουμενίτσα)',	'Ιωαννίνων-Ιωάννινα',	39.61887,	20.94798,	0.8,	1.2,	3,	4.2,	'EG'),
('EG17',	'Σταθμός Διοδίων Τύριας Μετωπικά (Προς Αλεξ/πολη)',	'Ιωαννίνων-Τύρια',	39.54018,	20.67424,	1.5,	2.1,	5.3,	7.4,	'EG'),
('EG18',	'Σταθμός Διοδίων Τύριας Μετωπικά (Προς Ηγουμενίτσα)',	'Ιωαννίνων-Τύρια',	39.54018,	20.67446,	1.5,	2.1,	5.3,	7.4,	'EG'),
('EG19',	'Σταθμός Διοδίων Καβάλας Μετωπικά (Προς Αλεξ/πολη)',	'Καβάλας-Άσπρη Άμμος',	40.9597,	24.47231,	1,	1.4,	3.5,	4.9,	'EG'),
('EG20',	'Σταθμός Διοδίων Καβάλας Μετωπικά (Προς Ηγουμενίτσα)',	'Καβάλας-Άσπρη Άμμος',	40.95996,	24.47252,	1,	1.4,	3.5,	4.9,	'EG'),
('EG21',	'Σταθμός Διοδίων Μουσθένης Μετωπικά (Προς Αλεξ/πολη)',	'Καβάλας-Μουσθένη',	40.8581,	24.16227,	1.1,	1.6,	4,	5.6,	'EG'),
('EG22',	'Σταθμός Διοδίων Μουσθένης Μετωπικά (Προς Ηγουμενίτσα)',	'Καβάλας-Μουσθένη',	40.85828,	24.16236,	1.1,	1.6,	4,	5.6,	'EG'),
('EG23',	'Σταθμός Διοδίων Ιεροπηγής Μετωπικά (Προς Κρυσταλλοπηγή)',	'Καστοριάς-Ιεροπηγή',	40.5745,	21.06155,	1,	1.4,	3.5,	4.9,	'EG'),
('EG24',	'Σταθμός Διοδίων Ιεροπηγής Μετωπικά (Προς Σιάτιστα)',	'Καστοριάς-Ιεροπηγή',	40.57463,	21.06136,	1,	1.4,	3.5,	4.9,	'EG'),
('EG25',	'Σταθμός Διοδίων Ευζώνων Μετωπικά (Προς Μάλγαρα)',	'Κιλκίς-Εύζωνοι',	41.10873,	22.5584,	1.3,	1.8,	4.5,	6.3,	'EG'),
('EG26',	'Σταθμός Διοδίων Ευζώνων Μετωπικά (Προς Σύνορα)',	'Κιλκίς-Εύζωνοι',	41.10865,	22.55872,	1.3,	1.8,	4.5,	6.3,	'EG'),
('EG27',	'Σταθμός Διοδίων Πολύμυλου Μετωπικά (Προς Αλεξ/πολη)',	'Κοζάνης-Πολύμυλος',	40.36719,	22.06011,	1,	1.4,	3.5,	4.9,	'EG'),
('EG28',	'Σταθμός Διοδίων Πολύμυλου Μετωπικά (Προς Ηγουμενίτσα)',	'Κοζάνης-Πολύμυλος',	40.36724,	22.06038,	1,	1.4,	3.5,	4.9,	'EG'),
('EG29',	'Σταθμός Διοδίων Σιάτιστας Μετωπικά (Προς Αλεξ/πολη)',	'Κοζάνης-Σιάτιστα',	40.2564,	21.63294,	1.1,	1.5,	3.8,	5.3,	'EG'),
('EG30',	'Σταθμός Διοδίων Σιάτιστας Μετωπικά (Προς Ηγουμενίτσα)',	'Κοζάνης-Σιάτιστα',	40.25663,	21.63296,	1.1,	1.5,	3.8,	5.3,	'EG'),
('EG31',	'Σταθμός Διοδίων Ίασμου Μετωπικά (Προς Αλεξ/πολη)',	'Ροδόπης-Ίασμος',	41.12035,	25.08013,	1,	1.4,	3.5,	4.9,	'EG'),
('EG32',	'Σταθμός Διοδίων Ίασμου Μετωπικά (Προς Ηγουμενίτσα)',	'Ροδόπης-Ίασμος',	41.12048,	25.08019,	1,	1.4,	3.5,	4.9,	'EG'),
('EG33',	'Σταθμός Διοδίων Προμαχώνα Μετωπικά (Προς Προμαχώνα)',	'Σερρών-Προμαχώνας',	41.3641,	23.35685,	1.4,	2,	5,	7,	'EG'),
('EG34',	'Σταθμός Διοδίων Προμαχώνα Μετωπικά (Προς Σέρρες)',	'Σερρών-Προμαχώνας',	41.36428,	23.35673,	1.4,	2,	5,	7,	'EG'),
('EG35',	'Σταθμός Διοδίων Στρυμονικού Μετωπικά (Προς Θεσσαλονίκη)',	'Σερρών-Στρυμονικό',	41.04377,	23.29506,	0.7,	1,	2.5,	3.5,	'EG'),
('EG36',	'Σταθμός Διοδίων Στρυμονικού Μετωπικά (Προς Σέρρες)',	'Σερρών-Στρυμονικό',	41.04362,	23.29504,	0.7,	1,	2.5,	3.5,	'EG'),
('EG37',	'Σταθμός Διοδίων Μαλακασίου Μετωπικά (Προς Αλεξ/πολη)',	'Τρικάλων-Μαλακάσι',	39.78944,	21.26681,	1,	1.4,	3.5,	4.9,	'EG'),
('EG38',	'Σταθμός Διοδίων Μαλακασίου Μετωπικά (Προς Ηγουμενίτσα)',	'Τρικάλων-Μαλακάσι',	39.78979,	21.26626,	1,	1.4,	3.5,	4.9,	'EG'),
('EG39',	'Σταθμός Διοδίων Μεστής Πλευρικά (Από Αλεξ/πολη)',	'Έβρου-Μεστή',	40.96176,	25.64339,	0.6,	0.8,	2,	2.8,	'EG'),
('EG40',	'Σταθμός Διοδίων Μεστής Πλευρικά (Προς Αλεξ/πολη)',	'Έβρου-Μεστή',	40.96122,	25.64278,	0.6,	0.8,	2,	2.8,	'EG'),
('EG41',	'Σταθμός Διοδίων Βαϊοχωρίου Πλευρικά (Από Αλεξ/πολη)',	'Θεσσαλονίκης-Βαϊοχώρι',	40.70133,	23.37106,	0.4,	0.6,	1.5,	2.1,	'EG'),
('EG42',	'Σταθμός Διοδίων Βαϊοχωρίου Πλευρικά (Προς Αλεξ/πολη)',	'Θεσσαλονίκης-Βαϊοχώρι',	40.70003,	23.37042,	0.4,	0.6,	1.5,	2.1,	'EG'),
('EG43',	'Σταθμός Διοδίων Λαγκαδά Πλευρικά (Είσοδος Προς Ηγουμενίτσα)',	'Θεσσαλονίκης-Λαγυνά',	40.74036,	23.01134,	0.2,	0.3,	0.8,	1.1,	'EG'),
('EG44',	'Σταθμός Διοδίων Λαγκαδά Πλευρικά (Είσοδος Προς Ηγουμενίτσα)',	'Θεσσαλονίκης-Λαγυνά',	40.74041,	23.00921,	0.2,	0.3,	0.8,	1.1,	'EG'),
('EG45',	'Σταθμός Διοδίων Λαγκαδά Πλευρικά (Έξοδος Από Ηγουμενίτσα)',	'Θεσσαλονίκης-Λαγυνά',	40.73708,	23.00886,	0.2,	0.3,	0.8,	1.1,	'EG'),
('EG46',	'Σταθμός Διοδίων Ασπροβάλτας Πλευρικά (Από Ηγουμενίτσα)',	'Θεσσαλονίκης-Νέα Βρασνά',	40.70963,	23.68233,	0.2,	0.3,	0.8,	1.1,	'EG'),
('EG47',	'Σταθμός Διοδίων Ασπροβάλτας Πλευρικά (Προς Ηγουμενίτσα)',	'Θεσσαλονίκης-Νέα Βρασνά',	40.70969,	23.68007,	0.2,	0.3,	0.8,	1.1,	'EG'),
('EG48',	'Σταθμός Διοδίων Προφήτη Πλευρικά (Από Αλεξ/πολη)',	'Θεσσαλονίκης-Προφήτης',	40.68507,	23.25728,	0.6,	0.9,	2.3,	3.2,	'EG'),
('EG49',	'Σταθμός Διοδίων Προφήτη Πλευρικά (Προς Αλεξ/πολη)',	'Θεσσαλονίκης-Προφήτης',	40.68298,	23.26014,	0.6,	0.9,	2.3,	3.2,	'EG'),
('EG50',	'Σταθμός Διοδίων Αγίου Ανδρέα Πλευρικά (Από Αλεξ/πολη)',	'Καβάλας-Άγιος Ανδρέας',	40.87301,	24.29632,	0.3,	0.4,	1,	1.4,	'EG'),
('EG51',	'Σταθμός Διοδίων Αγίου Ανδρέα Πλευρικά (Προς Αλεξ/πολη)',	'Καβάλας-Άγιος Ανδρέας',	40.87425,	24.29886,	0.3,	0.4,	1,	1.4,	'EG'),
('EG52',	'Σταθμός Διοδίων Άσπρων Χωμάτων Πλευρικά (Από Ηγουμενίτσα)',	'Καβάλας-Άσπρη Άμμος',	40.95475,	24.4649,	0.2,	0.3,	0.8,	1.1,	'EG'),
('EG53',	'Σταθμός Διοδίων Άσπρων Χωμάτων Πλευρικά (Προς Ηγουμενίτσα)',	'Καβάλας-Άσπρη Άμμος',	40.95614,	24.46335,	0.2,	0.3,	0.8,	1.1,	'EG'),
('EG54',	'Σταθμός Διοδίων Ελευθερούπολης Πλευρικά (Από Αλεξ/πολη)',	'Καβάλας-Εξοχή',	40.88656,	24.23466,	0.5,	0.6,	1.5,	2.1,	'EG'),
('EG55',	'Σταθμός Διοδίων Ελευθερούπολης Πλευρικά (Προς Αλεξ/πολη)',	'Καβάλας-Εξοχή',	40.88405,	24.23595,	0.5,	0.6,	1.5,	2.1,	'EG'),
('EG56',	'Σταθμός Διοδίων Μουσθένης Πλευρικά (Από Ηγουμενίτσα)',	'Καβάλας-Μουσθένη',	40.83828,	24.11487,	0.6,	0.8,	2,	2.8,	'EG'),
('EG57',	'Σταθμός Διοδίων Μουσθένης Πλευρικά (Προς Ηγουμενίτσα)',	'Καβάλας-Μουσθένη',	40.84142,	24.1166,	0.6,	0.8,	2,	2.8,	'EG'),
('EG58',	'Σταθμός Διοδίων Γαληψού Ορφανίου Πλευρικά (Από Ηγουμενίτσα)',	'Καβάλας-Ορφάνιο',	40.78273,	23.95742,	0.2,	0.3,	0.8,	1.1,	'EG'),
('EG59',	'Σταθμός Διοδίων Γαληψού Ορφανίου Πλευρικά (Προς Ηγουμενίτσα)',	'Καβάλας-Ορφάνιο',	40.78738,	23.95591,	0.2,	0.3,	0.8,	1.1,	'EG'),
('EG60',	'Σταθμός Διοδίων Πολυκάστρου Πλευρικά (Από Πολύκαστρο)',	'Κιλκίς-Πολύκαστρο',	40.98913,	22.60377,	0.9,	1.3,	3.3,	4.6,	'EG'),
('EG61',	'Σταθμός Διοδίων Πολυκάστρου Πλευρικά (Προς Πολύκαστρο)',	'Κιλκίς-Πολύκαστρο',	40.98902,	22.60492,	0.9,	1.3,	3.3,	4.6,	'EG'),
('EG62',	'Σταθμός Διοδίων Καλαμιάς Πλευρικά (Από Αλεξ/πολη)',	'Κοζάνης-Καλαμιά',	40.2978,	21.68065,	0.3,	0.4,	1,	1.4,	'EG'),
('EG63',	'Σταθμός Διοδίων Καλαμιάς Πλευρικά (Προς Αλεξ/πολη)',	'Κοζάνης-Καλαμιά',	40.30186,	21.69036,	0.3,	0.4,	1,	1.4,	'EG'),
('EG64',	'Σταθμός Διοδίων Σιάτιστας Ανατολικά Πλευρικά (Από Ηγουμενίτσα)',	'Κοζάνης-Σιάτιστα',	40.23622,	21.57988,	0.5,	0.7,	1.8,	2.5,	'EG'),
('EG65',	'Σταθμός Διοδίων Σιάτιστας Ανατολικά Πλευρικά (Προς Ηγουμενίτσα)',	'Κοζάνης-Σιάτιστα',	40.23697,	21.57984,	0.5,	0.7,	1.8,	2.5,	'EG'),
('EG66',	'Σταθμός Διοδίων Βαφέικων Πλευρικά (Από Ηγουμενίτσα Προς Ξάνθη)',	'Ξάνθης-Βαφέικα',	41.09622,	24.9466,	0.2,	0.3,	0.8,	1.1,	'EG'),
('EG67',	'Σταθμός Διοδίων Βαφέικων Πλευρικά (Από Ηγουμενίτσα Προς Πόρτο Λάγος)',	'Ξάνθης-Βαφέικα',	41.09518,	24.94467,	0.2,	0.3,	0.8,	1.1,	'EG'),
('EG68',	'Σταθμός Διοδίων Βαφέικων Πλευρικά (Από Ξάνθη Προς Ηγουμενίτσα)',	'Ξάνθης-Βαφέικα',	41.09463,	24.93714,	0.2,	0.3,	0.8,	1.1,	'EG'),
('EG69',	'Σταθμός Διοδίων Βαφέικων Πλευρικά (Από Πόρτο Λάγος Προς Ηγουμενίτσα)',	'Ξάνθης-Βαφέικα',	41.0982,	24.94494,	0.2,	0.3,	0.8,	1.1,	'EG'),
('EG70',	'Σταθμός Διοδίων Ίασμου Πλευρικά (Από Αλεξ/πολη)',	'Ροδόπης-Ίασμος',	41.11714,	25.18443,	0.4,	0.5,	1.3,	1.8,	'EG'),
('EG71',	'Σταθμός Διοδίων Ίασμου Πλευρικά (Προς Αλεξ/πολη)',	'Ροδόπης-Ίασμος',	41.11562,	25.18446,	0.4,	0.5,	1.3,	1.8,	'EG'),
('EG72',	'Σταθμός Διοδίων ΒΙ.ΠΕ. Κομοτηνής Πλευρικά (Από Ηγουμενίτσα)',	'Ροδόπης-Φύλακας',	41.0596,	25.47539,	0.2,	0.3,	0.8,	1.1,	'EG'),
('EG73',	'Σταθμός Διοδίων ΒΙ.ΠΕ. Κομοτηνής Πλευρικά (Προς Ηγουμενίτσα)',	'Ροδόπης-Φύλακας',	41.06149,	25.47661,	0.2,	0.3,	0.8,	1.1,	'EG'),
('EG74',	'Σταθμός Διοδίων Παναγιάς Πλευρικά',	'Τρικάλων-Μαλακάσι',	39.78578,	21.29482,	0.7,	1,	2.5,	3.5,	'EG'),
('GE01',	'Σταθμός Διοδίων Γέφυρας Ρίου Αντιρρίου Μετωπικά (Προς Αντίρριο)',	'Αιτωλοακαρνανίας-Αντίρριο',	38.33383,	21.76604,	2,	14.7,	46.5,	74.5,	'GE'),
('GE02',	'Σταθμός Διοδίων Γέφυρας Ρίου Αντιρρίου Μετωπικά (Προς Ρίο)',	'Αιτωλοακαρνανίας-Αντίρριο',	38.33381,	21.76581,	2,	14.7,	46.5,	74.5,	'GE'),
('KO01',	'Σταθμός Διοδίων Σοφάδων Μετωπικά (Προς Λαμία)',	'Καρδίτσας-Μαυραχάδες',	39.25717,	22.08299,	2.35,	3.4,	8.5,	11.95,	'KO'),
('KO02',	'Σταθμός Διοδίων Σοφάδων Μετωπικά (Προς Τρίκαλα)',	'Καρδίτσας-Μαυραχάδες',	39.25691,	22.0832,	2.35,	3.4,	8.5,	11.95,	'KO'),
('KO03',	'Σταθμός Διοδίων Τρικάλων Μετωπικά (Προς Λαμία)',	'Τρικάλων-Λόγγος',	39.5204,	21.83212,	2.05,	2.95,	7.45,	10.45,	'KO'),
('KO04',	'Σταθμός Διοδίων Τρικάλων Μετωπικά (Προς Τρίκαλα)',	'Τρικάλων-Λόγγος',	39.52022,	21.83249,	2.05,	2.95,	7.45,	10.45,	'KO'),
('KO05',	'Σταθμός Διοδίων Αγίας Τριάδας Μετωπικά (Προς Αθήνα)',	'Φθιώτιδος-Αγία Τριάδα',	38.80835,	22.60256,	1.35,	1.9,	4.8,	6.75,	'KO'),
('KO06',	'Σταθμός Διοδίων Αγίας Τριάδας Μετωπικά (Προς Θεσσαλονίκη)',	'Φθιώτιδος-Αγία Τριάδα',	38.80869,	22.6027,	1.35,	1.9,	4.8,	6.75,	'KO'),
('KO07',	'Σταθμός Διοδίων Λειανοκλαδίου Μετωπικά (Προς Λαμία)',	'Φθιώτιδος-Σταυρός',	38.91517,	22.34873,	1.3,	1.85,	4.7,	6.6,	'KO'),
('KO08',	'Σταθμός Διοδίων Λειανοκλαδίου Μετωπικά (Προς Τρίκαλα)',	'Φθιώτιδος-Σταυρός',	38.91495,	22.34906,	1.3,	1.85,	4.7,	6.6,	'KO'),
('KO09',	'Σταθμός Διοδίων Μαυρομαντήλας Μετωπικά (Προς Αθήνα)',	'Φθιώτιδος-Στυλίδα',	38.90419,	22.52794,	1.45,	2.05,	5.15,	7.25,	'KO'),
('KO10',	'Σταθμός Διοδίων Μαυρομαντήλας Μετωπικά (Προς Θεσσαλονίκη)',	'Φθιώτιδος-Στυλίδα',	38.90403,	22.52754,	1.45,	2.05,	5.15,	7.25,	'KO'),
('KO11',	'Σταθμός Διοδίων Ανάβρας Πλευρικά (Από Λαμία)',	'Καρδίτσας-Ανάβρα',	39.21048,	22.06925,	1.4,	2,	5,	7,	'KO'),
('KO12',	'Σταθμός Διοδίων Ανάβρας Πλευρικά (Προς Λαμία)',	'Καρδίτσας-Ανάβρα',	39.21025,	22.06905,	1.4,	2,	5,	7,	'KO'),
('KO13',	'Σταθμός Διοδίων Προαστίου Πλευρικά (Από Λαμία)',	'Καρδίτσας-Προάστιο',	39.4748,	21.9031,	0.8,	1.15,	2.85,	4.05,	'KO'),
('KO14',	'Σταθμός Διοδίων Προαστίου Πλευρικά (Προς Λαμία)',	'Καρδίτσας-Προάστιο',	39.4746,	21.90324,	0.8,	1.15,	2.85,	4.05,	'KO'),
('KO15',	'Σταθμός Διοδίων Καλαμπάκας Πλευρικά (Από Καλαμπάκα)',	'Τρικάλων-Καλαμπάκα',	39.70028,	21.60858,	0.6,	0.9,	2.25,	3.15,	'KO'),
('KO16',	'Σταθμός Διοδίων Καλαμπάκας Πλευρικά (Προς Καλαμπάκα)',	'Τρικάλων-Καλαμπάκα',	39.69975,	21.6108,	0.6,	0.9,	2.25,	3.15,	'KO'),
('KO17',	'Σταθμός Διοδίων Τρικάλων Πλευρικά (Από Τρίκαλα)',	'Τρικάλων-Τρίκαλα',	39.56901,	21.81829,	0.55,	0.8,	2.05,	2.9,	'KO'),
('KO18',	'Σταθμός Διοδίων Τρικάλων Πλευρικά (Προς Τρίκαλα)',	'Τρικάλων-Τρίκαλα',	39.56879,	21.81811,	0.55,	0.8,	2.05,	2.9,	'KO'),
('KO19',	'Σταθμός Διοδίων Αγίας Μαρίνας Πλευρικά (Από Θεσ/νίκη)',	'Φθιώτιδος-Αγία Μαρίνα',	38.90377,	22.57063,	0.9,	1.3,	3.3,	4.6,	'KO'),
('KO20',	'Σταθμός Διοδίων Αγίας Μαρίνας Πλευρικά (Προς Θεσ/νίκη)',	'Φθιώτιδος-Αγία Μαρίνα',	38.90305,	22.56907,	0.9,	1.3,	3.3,	4.6,	'KO'),
('KO21',	'Σταθμός Διοδίων Θερμοπυλών Πλευρικά (Από Θεσσαλονίκη)',	'Φθιώτιδος-Θερμοπύλες',	38.79929,	22.50926,	0.45,	0.65,	1.65,	2.35,	'KO'),
('KO22',	'Σταθμός Διοδίων Θερμοπυλών Πλευρικά (Προς Θεσσαλονίκη)',	'Φθιώτιδος-Θερμοπύλες',	38.79959,	22.51118,	0.45,	0.65,	1.65,	2.35,	'KO'),
('KO23',	'Σταθμός Διοδίων Μώλου Πλευρικά (Από Αθήνα)',	'Φθιώτιδος-Μώλος',	38.80267,	22.64938,	0.25,	0.35,	0.9,	1.3,	'KO'),
('KO24',	'Σταθμός Διοδίων Μώλου Πλευρικά (Προς Αθήνα)',	'Φθιώτιδος-Μώλος',	38.8029,	22.64952,	0.25,	0.35,	0.9,	1.3,	'KO'),
('KO25',	'Σταθμός Διοδίων Στυλίδας Πλευρικά (Από Θεσσαλονίκη)',	'Φθιώτιδος-Στυλίδα',	38.91363,	22.659,	0.5,	0.7,	1.75,	2.5,	'KO'),
('KO26',	'Σταθμός Διοδίων Στυλίδας Πλευρικά (Προς Θεσσαλονίκη)',	'Φθιώτιδος-Στυλίδα',	38.91357,	22.65774,	0.5,	0.7,	1.75,	2.5,	'KO'),
('MO01',	'Σταθμός Διοδίων Βελιγοστής Μετωπικά (Προς Καλαμάτα)',	'Αρκαδίας-Βελιγοστή',	37.34516,	22.11037,	0.9,	1.35,	3.4,	4.8,	'MO'),
('MO02',	'Σταθμός Διοδίων Βελιγοστής Μετωπικά (Προς Κόρινθο)',	'Αρκαδίας-Βελιγοστή',	37.34483,	22.1103,	0.9,	1.35,	3.4,	4.8,	'MO'),
('MO03',	'Σταθμός Διοδίων Γέφυρας Μάναρη Μετωπικά (Προς Καλαμάτα)',	'Αρκαδίας-Μάναρης',	37.41249,	22.30764,	1.4,	2.1,	5.25,	7.4,	'MO'),
('MO04',	'Σταθμός Διοδίων Γέφυρας Μάναρη Μετωπικά (Προς Κόρινθο)',	'Αρκαδίας-Μάναρης',	37.4122,	22.30776,	1.4,	2.1,	5.25,	7.4,	'MO'),
('MO05',	'Σταθμός Διοδίων Νεστάνης Μετωπικά (Προς Καλαμάτα)',	'Αρκαδίας-Νεστάνη',	37.60085,	22.44646,	1.8,	2.6,	6.5,	9.1,	'MO'),
('MO06',	'Σταθμός Διοδίων Νεστάνης Μετωπικά (Προς Κόρινθο)',	'Αρκαδίας-Νεστάνη',	37.60057,	22.44655,	1.8,	2.6,	6.5,	9.1,	'MO'),
('MO07',	'Σταθμός Διοδίων Πετρίνας Μετωπικά (Προς Κόρινθο-Καλαμάτα)',	'Αρκαδίας-Πετρίνα',	37.29864,	22.21032,	2.2,	3.15,	7.9,	11.1,	'MO'),
('MO08',	'Σταθμός Διοδίων Πετρίνας Μετωπικά (Προς Σπάρτη)',	'Αρκαδίας-Πετρίνα',	37.29884,	22.21009,	2.2,	3.15,	7.9,	11.1,	'MO'),
('MO09',	'Σταθμός Διοδίων Σπαθοβουνίου Μετωπικά (Προς Καλαμάτα)',	'Κορινθίας-Σπαθοβούνι',	37.83599,	22.80797,	1.9,	2.7,	6.85,	9.6,	'MO'),
('MO10',	'Σταθμός Διοδίων Σπαθοβουνίου Μετωπικά (Προς Κόρινθο)',	'Κορινθίας-Σπαθοβούνι',	37.83565,	22.80808,	1.9,	2.7,	6.85,	9.6,	'MO'),
('MO11',	'Σταθμός Διοδίων Καλαμάτας Μετωπικά (Προς Καλαμάτα)',	'Μεσσηνίας-Καλαμάτα',	37.13694,	22.03779,	1.4,	2.05,	5.15,	7.25,	'MO'),
('MO12',	'Σταθμός Διοδίων Καλαμάτας Μετωπικά (Προς Κόρινθο)',	'Μεσσηνίας-Καλαμάτα',	37.13675,	22.0381,	1.4,	2.05,	5.15,	7.25,	'MO'),
('MO13',	'Σταθμός Διοδίων Αρφαρών Πλευρικά (Από Κόρινθο)',	'Μεσσηνίας-Αρφαρά',	37.15246,	22.0261,	0.5,	0.8,	2.05,	2.85,	'MO'),
('MO14',	'Σταθμός Διοδίων Αρφαρών Πλευρικά (Προς Κόρινθο)',	'Μεσσηνίας-Αρφαρά',	37.15349,	22.02565,	0.5,	0.8,	2.05,	2.85,	'MO'),
('MO15',	'Σταθμός Διοδίων Θουρίας Πλευρικά (Από Καλαμάτα)',	'Μεσσηνίας-Θουρία',	37.07192,	22.04808,	0.3,	0.5,	1.3,	1.85,	'MO'),
('MO16',	'Σταθμός Διοδίων Θουρίας Πλευρικά (Προς Καλαμάτα)',	'Μεσσηνίας-Θουρία',	37.07162,	22.04731,	0.3,	0.5,	1.3,	1.85,	'MO'),
('MO17',	'Σταθμός Διοδίων Παραδείσιων Πλευρικά (Από Καλαμάτα)',	'Μεσσηνίας-Παραδείσια',	37.33067,	22.07845,	0.5,	0.8,	2.05,	2.9,	'MO'),
('MO18',	'Σταθμός Διοδίων Παραδείσιων Πλευρικά (Προς Καλαμάτα)',	'Μεσσηνίας-Παραδείσια',	37.33179,	22.07778,	0.5,	0.8,	2.05,	2.9,	'MO'),
('NAO01',	'Σταθμός Διοδίων Αγίας Παρασκευής Πλευρικά (Προς Καρέα)',	'Αττικής-Αγία Παρασκευή',	38.00812,	23.83668,	1.25,	2.5,	6.25,	10,	'NAO'),
('NAO02',	'Σταθμός Διοδίων Αγίας Παρασκευής Πλευρικά (Προς Παλλήνη)',	'Αττικής-Αγία Παρασκευή',	38.0091,	23.84211,	1.25,	2.5,	6.25,	10,	'NAO'),
('NAO03',	'Σταθμός Διοδίων Δημόκριτου Πλευρικά (Προς Παλλήνη)',	'Αττικής-Αγία Παρασκευή',	37.99958,	23.8212,	1.25,	2.5,	6.25,	10,	'NAO'),
('NAO04',	'Σταθμός Διοδίων Ανθούσας Πλευρικά (Προς Ελευσίνα)',	'Αττικής-Ανθούσα',	38.01688,	23.86606,	1.25,	2.5,	6.25,	10,	'NAO'),
('NAO05',	'Σταθμός Διοδίων Περιφεριακής Αιγάλεω Πλευρικά (Προς Αεροδρόμιο)',	'Αττικής-Άνω Λιόσια',	38.07565,	23.67635,	1.25,	2.5,	6.25,	10,	'NAO'),
('NAO06',	'Σταθμός Διοδίων Περιφεριακής Αιγάλεω Πλευρικά (Προς Ελευσίνα)',	'Αττικής-Άνω Λιόσια',	38.08009,	23.67856,	1.25,	2.5,	6.25,	10,	'NAO'),
('NAO07',	'Σταθμός Διοδίων Ασπροπύργου Πλευρικά (Προς Αεροδρόμιο)',	'Αττικής-Ασπρόπυργος',	38.08919,	23.6222,	1.25,	2.5,	6.25,	10,	'NAO'),
('NAO08',	'Σταθμός Διοδίων Ασπροπύργου Πλευρικά (Προς Ελευσίνα)',	'Αττικής-Ασπρόπυργος',	38.0904,	23.61994,	1.25,	2.5,	6.25,	10,	'NAO'),
('NAO09',	'Σταθμός Διοδίων Λεωφ. Δουκίσσης Πλακεντίας Πλευρικά (Προς Αεροδρόμιο)',	'Αττικής-Βριλήσσια',	38.02401,	23.83473,	1.25,	2.5,	6.25,	10,	'NAO'),
('NAO10',	'Σταθμός Διοδίων Λεωφ. Δουκίσσης Πλακεντίας Πλευρικά (Προς Ελευσίνα)',	'Αττικής-Βριλήσσια',	38.02517,	23.83393,	1.25,	2.5,	6.25,	10,	'NAO'),
('NAO11',	'Σταθμός Διοδίων Λεωφ. Δουκίσσης Πλακεντίας Πλευρικά (Προς Καρέα)',	'Αττικής-Βριλήσσια',	38.01935,	23.83767,	1.25,	2.5,	6.25,	10,	'NAO'),
('NAO12',	'Σταθμός Διοδίων Λεωφ. Πεντέλης Πλευρικά (Προς Αεροδρόμιο)',	'Αττικής-Βριλήσσια',	38.02703,	23.82915,	1.25,	2.5,	6.25,	10,	'NAO'),
('NAO13',	'Σταθμός Διοδίων Λεωφ. Πεντέλης Πλευρικά (Προς Ελευσίνα)',	'Αττικής-Βριλήσσια',	38.03427,	23.82164,	1.25,	2.5,	6.25,	10,	'NAO'),
('NAO14',	'Σταθμός Διοδίων Γλυκών Νερών Πλευρικά (Προς Καρέα)',	'Αττικής-Γλυκά Νερά',	37.99753,	23.84944,	1.25,	2.5,	6.25,	10,	'NAO'),
('NAO15',	'Σταθμός Διοδίων Γλυκών Νερών Πλευρικά (Προς Παλλήνη)',	'Αττικής-Γλυκά Νερά',	37.9971,	23.85116,	1.25,	2.5,	6.25,	10,	'NAO'),
('NAO16',	'Σταθμός Διοδίων Λεωφ. Δημοκρατίας Πλευρικά (Προς Αεροδρόμιο)',	'Αττικής-Ζεφύρι',	38.06607,	23.73427,	1.25,	2.5,	6.25,	10,	'NAO'),
('NAO17',	'Σταθμός Διοδίων Λεωφ. Δημοκρατίας Πλευρικά (Προς Ελευσίνα)',	'Αττικής-Ζεφύρι',	38.06741,	23.73161,	1.25,	2.5,	6.25,	10,	'NAO'),
('NAO18',	'Σταθμός Διοδίων Λεωφ. Ηρακλείου Πλευρικά (Προς Αεροδρόμιο)',	'Αττικής-Ηράκλειο',	38.05641,	23.77234,	1.25,	2.5,	6.25,	10,	'NAO'),
('NAO19',	'Σταθμός Διοδίων Λεωφ. Ηρακλείου Πλευρικά (Προς Ελευσίνα)',	'Αττικής-Ηράκλειο',	38.05859,	23.76884,	1.25,	2.5,	6.25,	10,	'NAO'),
('NAO20',	'Σταθμός Διοδίων Λεωφ. Κύμης Πλευρικά (Προς Αεροδρόμιο)',	'Αττικής-Ηράκλειο',	38.04838,	23.78561,	1.25,	2.5,	6.25,	10,	'NAO'),
('NAO21',	'Σταθμός Διοδίων Λεωφ. Κύμης Πλευρικά (Προς Ελευσίνα)',	'Αττικής-Ηράκλειο',	38.05237,	23.78147,	1.25,	2.5,	6.25,	10,	'NAO'),
('NAO22',	'Σταθμός Διοδίων Λεωφ. Φυλής Πλευρικά (Προς Αεροδρόμιο)',	'Αττικής-Καματερό',	38.07018,	23.71147,	1.25,	2.5,	6.25,	10,	'NAO'),
('NAO23',	'Σταθμός Διοδίων Λεωφ. Φυλής Πλευρικά (Προς Ελευσίνα)',	'Αττικής-Καματερό',	38.07138,	23.70832,	1.25,	2.5,	6.25,	10,	'NAO'),
('NAO24',	'Σταθμός Διοδίων Κορωπίου Μετωπικά (Προς Ελευσίνα)',	'Αττικής-Κορωπί',	37.93851,	23.88683,	1.25,	2.5,	6.25,	10,	'NAO'),
('NAO25',	'Σταθμός Διοδίων Λεωφ. Κηφισίας Πλευρικά (Προς Αεροδρόμιο)',	'Αττικής-Μαρούσι',	38.04123,	23.8053,	1.25,	2.5,	6.25,	10,	'NAO'),
('NAO26',	'Σταθμός Διοδίων Λεωφ. Κηφισίας Πλευρικά (Προς Ελευσίνα)',	'Αττικής-Μαρούσι',	38.04366,	23.79931,	1.25,	2.5,	6.25,	10,	'NAO'),
('NAO27',	'Σταθμός Διοδίων Αθηνών-Λαμίας Πλευρικά (Από Αθήνα Προς Αεροδρόμιο)',	'Αττικής-Μεταμόρφωση',	38.06086,	23.7505,	1.25,	2.5,	6.25,	10,	'NAO'),
('NAO28',	'Σταθμός Διοδίων Αθηνών-Λαμίας Πλευρικά (Από Αθήνα Προς Ελευσίνα)',	'Αττικής-Μεταμόρφωση',	38.06285,	23.74866,	1.25,	2.5,	6.25,	10,	'NAO'),
('NAO29',	'Σταθμός Διοδίων Αθηνών-Λαμίας Πλευρικά (Από Λαμία Προς Αεροδρόμιο)',	'Αττικής-Μεταμόρφωση',	38.0612,	23.75044,	1.25,	2.5,	6.25,	10,	'NAO'),
('NAO30',	'Σταθμός Διοδίων Αθηνών-Λαμίας Πλευρικά (Από Λαμία Προς Ελευσίνα)',	'Αττικής-Μεταμόρφωση',	38.06315,	23.74873,	1.25,	2.5,	6.25,	10,	'NAO'),
('NAO31',	'Σταθμός Διοδίων Παιανίας Πλευρικά (Προς Αεροδρόμιο)',	'Αττικής-Παιανία',	37.95341,	23.88573,	1.25,	2.5,	6.25,	10,	'NAO'),
('NAO32',	'Σταθμός Διοδίων Παιανίας Πλευρικά (Προς Ελευσίνα)',	'Αττικής-Παιανία',	37.95731,	23.88672,	1.25,	2.5,	6.25,	10,	'NAO'),
('NAO33',	'Σταθμός Διοδίων Λεωφ. Μαραθώνος Πλευρικά (Προς Αεροδρόμιο)',	'Αττικής-Παλλήνη',	38.00431,	23.86971,	1.25,	2.5,	6.25,	10,	'NAO'),
('NAO34',	'Σταθμός Διοδίων Λεωφ. Μαραθώνος Πλευρικά (Προς Ελευσίνα)',	'Αττικής-Παλλήνη',	38.00805,	23.86918,	1.25,	2.5,	6.25,	10,	'NAO'),
('NAO35',	'Σταθμός Διοδίων Παλλήνης Πλευρικά (Προς Καρέα)',	'Αττικής-Παλλήνη',	37.99397,	23.88736,	1.25,	2.5,	6.25,	10,	'NAO'),
('NAO36',	'Σταθμός Διοδίων Κατεχάκη Μετωπικά (Προς Παλλήνη)',	'Αττικής-Παπάγος',	37.9772,	23.8001,	1.25,	2.5,	6.25,	10,	'NAO'),
('NAO37',	'Σταθμός Διοδίων Παπάγου Πλευρικά (Προς Καρέα)',	'Αττικής-Παπάγος',	37.98565,	23.80999,	1.25,	2.5,	6.25,	10,	'NAO'),
('NAO38',	'Σταθμός Διοδίων Παπάγου Πλευρικά (Προς Παλλήνη)',	'Αττικής-Παπάγος',	37.98559,	23.8125,	1.25,	2.5,	6.25,	10,	'NAO'),
('NAO39',	'Σταθμός Διοδίων Ρουπακίου Μετωπικά (Προς Αεροδρόμιο)',	'Αττικής-Ρουπάκι',	38.09389,	23.59099,	1.25,	2.5,	6.25,	10,	'NAO'),
('NAO40',	'Σταθμός Διοδίων Κάντζας Πλευρικά (Προς Αεροδρόμιο)',	'Αττικής-Σπάτα-Κάντζα',	37.98003,	23.8699,	1.25,	2.5,	6.25,	10,	'NAO'),
('NAO41',	'Σταθμός Διοδίων Κάντζας Πλευρικά (Προς Ελευσίνα)',	'Αττικής-Σπάτα-Κάντζα',	37.98229,	23.87047,	1.25,	2.5,	6.25,	10,	'NAO'),
('NO01',	'Σταθμός Διοδίων Αγγελόκαστρου Μετωπικά (Προς Ιωάννινα)',	'Αιτωλοακαρνανίας-Αγγελόκαστρο',	38.54935,	21.27241,	2.7,	3.85,	9.6,	13.5,	'NO'),
('NO02',	'Σταθμός Διοδίων Αγγελόκαστρου Μετωπικά (Προς Ρίο)',	'Αιτωλοακαρνανίας-Αγγελόκαστρο',	38.54947,	21.2721,	2.7,	3.85,	9.6,	13.5,	'NO'),
('NO03',	'Σταθμός Διοδίων Κλόκοβας Μετωπικά (Προς Ιωάννινα)',	'Αιτωλοακαρνανίας-Γαβρολίμνη',	38.35929,	21.65685,	2.25,	3.25,	8.2,	11.45,	'NO'),
('NO04',	'Σταθμός Διοδίων Κλόκοβας Μετωπικά (Προς Ρίο)',	'Αιτωλοακαρνανίας-Γαβρολίμνη',	38.35921,	21.6564,	2.25,	3.25,	8.2,	11.45,	'NO'),
('NO05',	'Σταθμός Διοδίων Μενιδίου Μετωπικά (Προς Ιωάννινα)',	'Αιτωλοακαρνανίας-Μενίδι',	38.98982,	21.17102,	2.3,	3.25,	8.2,	11.5,	'NO'),
('NO06',	'Σταθμός Διοδίων Μενιδίου Μετωπικά (Προς Ρίο)',	'Αιτωλοακαρνανίας-Μενίδι',	38.98999,	21.17073,	2.3,	3.25,	8.2,	11.5,	'NO'),
('NO07',	'Σταθμός Διοδίων Αφιδνών Μετωπικά (Προς Αθήνα)',	'Αττικής-Αφίδνες',	38.1765,	23.85388,	2.5,	3.55,	8.95,	12.55,	'NO'),
('NO08',	'Σταθμός Διοδίων Αφιδνών Μετωπικά (Προς Θεσσαλονίκη)',	'Αττικής-Αφίδνες',	38.17634,	23.85444,	2.5,	3.55,	8.95,	12.55,	'NO'),
('NO09',	'Σταθμός Διοδίων Θήβας Μετωπικά (Προς Αθήνα)',	'Βοιωτίας-Θήβα',	38.37082,	23.28677,	2.9,	4.2,	10.5,	14.7,	'NO'),
('NO10',	'Σταθμός Διοδίων Θήβας Μετωπικά (Προς Θεσσαλονίκη)',	'Βοιωτίας-Θήβα',	38.3709,	23.28704,	2.9,	4.2,	10.5,	14.7,	'NO'),
('NO11',	'Σταθμός Διοδίων Τερόβου Μετωπικά (Προς Ιωάννινα)',	'Ιωαννίνων-Τέροβο',	39.42539,	20.90533,	2.35,	3.35,	8.45,	11.85,	'NO'),
('NO12',	'Σταθμός Διοδίων Τερόβου Μετωπικά (Προς Ρίο)',	'Ιωαννίνων-Τέροβο',	39.42559,	20.90509,	2.35,	3.35,	8.45,	11.85,	'NO'),
('NO13',	'Σταθμός Διοδίων Τραγάνας Μετωπικά (Προς Αθήνα)',	'Φθιώτιδος-Τραγάνα',	38.6175,	23.14335,	2.9,	4.15,	10.45,	14.6,	'NO'),
('NO14',	'Σταθμός Διοδίων Τραγάνας Μετωπικά (Προς Θεσσαλονίκη)',	'Φθιώτιδος-Τραγάνα',	38.61772,	23.14384,	2.9,	4.15,	10.45,	14.6,	'NO'),
('NO15',	'Σταθμός Διοδίων Γαβρολίμνης Πλευρικά (Από Ιωάννινα)',	'Αιτωλοακαρνανίας-Γαβρολίμνη',	38.37341,	21.62484,	1.6,	2.3,	5.8,	8.1,	'NO'),
('NO16',	'Σταθμός Διοδίων Γαβρολίμνης Πλευρικά (Προς Ιωάννινα)',	'Αιτωλοακαρνανίας-Γαβρολίμνη',	38.37419,	21.6251,	1.6,	2.3,	5.8,	8.1,	'NO'),
('NO17',	'Σταθμός Διοδίων Μεσολογγίου Πλευρικά (Από Ιωάννινα)',	'Αιτωλοακαρνανίας-Ζέστη',	38.37953,	21.4953,	0.95,	1.35,	3.45,	4.8,	'NO'),
('NO18',	'Σταθμός Διοδίων Μεσολογγίου Πλευρικά (Προς Ιωάννινα)',	'Αιτωλοακαρνανίας-Ζέστη',	38.37935,	21.49496,	0.95,	1.35,	3.45,	4.8,	'NO'),
('NO19',	'Σταθμός Διοδίων Κουβαρά Πλευρικά (Από Ιωάννινα)',	'Αιτωλοακαρνανίας-Φυτείες',	38.69941,	21.21408,	1.25,	1.75,	4.45,	6.25,	'NO'),
('NO20',	'Σταθμός Διοδίων Κουβαρά Πλευρικά (Προς Ιωάννινα)',	'Αιτωλοακαρνανίας-Φυτείες',	38.70032,	21.21573,	1.25,	1.75,	4.45,	6.25,	'NO'),
('NO21',	'Σταθμός Διοδίων Άρτας Πλευρικά (Από Ιωάννινα)',	'Άρτας-Άγιος Δημήτριος',	39.16037,	21.01087,	0.55,	0.8,	2.1,	2.9,	'NO'),
('NO22',	'Σταθμός Διοδίων Άρτας Πλευρικά (Προς Ιωάννινα)',	'Άρτας-Άγιος Δημήτριος',	39.16064,	21.01217,	0.55,	0.8,	2.1,	2.9,	'NO'),
('NO23',	'Σταθμός Διοδίων Καπανδριτίου Πλευρικά (Από Θεσσαλονίκη)',	'Αττικής-Καπανδρίτι',	38.20262,	23.85396,	1.5,	2.15,	5.4,	7.6,	'NO'),
('NO24',	'Σταθμός Διοδίων Καπανδριτίου Πλευρικά (Προς Θεσσαλονίκη)',	'Αττικής-Καπανδρίτι',	38.20275,	23.85477,	1.5,	2.15,	5.4,	7.6,	'NO'),
('NO25',	'Σταθμός Διοδίων Μαλακάσας Πλευρικά (Από Θεσσαλονίκη)',	'Αττικής-Μαλακάσα',	38.23753,	23.78053,	1.05,	1.55,	3.85,	5.4,	'NO'),
('NO26',	'Σταθμός Διοδίων Μαλακάσας Πλευρικά (Προς Θεσσαλονίκη)',	'Αττικής-Μαλακάσα',	38.23633,	23.786,	1.05,	1.55,	3.85,	5.4,	'NO'),
('NO27',	'Σταθμός Διοδίων Θήβας Πλευρικά (Από Θεσσαλονίκη)',	'Βοιωτίας-Θήβα',	38.36621,	23.32467,	1.15,	1.65,	4.15,	5.8,	'NO'),
('NO28',	'Σταθμός Διοδίων Θήβας Πλευρικά (Προς Θεσσαλονίκη)',	'Βοιωτίας-Θήβα',	38.36403,	23.32208,	1.15,	1.65,	4.15,	5.8,	'NO'),
('NO29',	'Σταθμός Διοδίων Οινοφύτων Πλευρικά (Από Θεσσαλονίκη)',	'Βοιωτίας-Οινόφυτα',	38.28925,	23.67591,	0.5,	0.7,	1.8,	2.55,	'NO'),
('NO30',	'Σταθμός Διοδίων Οινοφύτων Πλευρικά (Προς Θεσσαλονίκη)',	'Βοιωτίας-Οινόφυτα',	38.29219,	23.67477,	0.5,	0.7,	1.8,	2.55,	'NO'),
('NO31',	'Σταθμός Διοδίων Γοργόμυλου Πλευρικά (Από Ρίο)',	'Πρέβεζας-Γοργόμυλος',	39.3317,	20.91559,	0.75,	1.1,	2.75,	3.9,	'NO'),
('NO32',	'Σταθμός Διοδίων Γοργόμυλου Πλευρικά (Προς Ρίο)',	'Πρέβεζας-Γοργόμυλος',	39.33199,	20.91415,	0.75,	1.1,	2.75,	3.9,	'NO'),
('NO33',	'Σταθμός Διοδίων Τραγάνας Πλευρικά (Από Θεσσαλονίκη)',	'Φθιώτιδος-Τραγάνα',	38.62199,	23.12357,	2.35,	3.35,	8.35,	11.75,	'NO'),
('NO34',	'Σταθμός Διοδίων Τραγάνας Πλευρικά (Προς Θεσσαλονίκη)',	'Φθιώτιδος-Τραγάνα',	38.62253,	23.12381,	2.35,	3.35,	8.35,	11.75,	'NO'),
('OO01',	'Σταθμός Διοδίων Ελευσίνας Μετωπικά (Προς Αθήνα)',	'Αττικής-Ελευσίνα',	38.04199,	23.49613,	1.6,	2.3,	5.8,	8.1,	'OO'),
('OO02',	'Σταθμός Διοδίων Ελευσίνας Μετωπικά (Προς Πάτρα)',	'Αττικής-Ελευσίνα',	38.0425,	23.49545,	1.6,	2.3,	5.8,	8.1,	'OO'),
('OO03',	'Σταθμός Διοδίων Ρίου Μετωπικά (Προς Αθήνα)',	'Αχαΐας-Άγιος Βασίλειος',	38.31624,	21.83038,	1.7,	2.4,	6.2,	8.7,	'OO'),
('OO04',	'Σταθμός Διοδίων Ρίου Μετωπικά (Προς Πάτρα)',	'Αχαΐας-Άγιος Βασίλειος',	38.31663,	21.82995,	1.7,	2.4,	6.2,	8.7,	'OO'),
('OO05',	'Σταθμός Διοδίων Ελαιώνα Μετωπικά (Προς Αθήνα)',	'Αχαΐας-Ελαιώνας',	38.19048,	22.16526,	2.4,	3.5,	8.9,	12.4,	'OO'),
('OO06',	'Σταθμός Διοδίων Ελαιώνα Μετωπικά (Προς Πάτρα)',	'Αχαΐας-Ελαιώνας',	38.19092,	22.1656,	2.4,	3.5,	8.9,	12.4,	'OO'),
('OO07',	'Σταθμός Διοδίων Ισθμίων Μετωπικά (Προς Αθήνα)',	'Κορινθίας-Ίσθμια',	37.92481,	23.03208,	1.3,	1.9,	4.9,	6.9,	'OO'),
('OO08',	'Σταθμός Διοδίων Ισθμίων Μετωπικά (Προς Πάτρα)',	'Κορινθίας-Ίσθμια',	37.92535,	23.03274,	1.3,	1.9,	4.9,	6.9,	'OO'),
('OO09',	'Σταθμός Διοδίων Κιάτου Μετωπικά (Προς Αθήνα)',	'Κορινθίας-Κιάτο',	37.99692,	22.73517,	1.7,	2.5,	6.2,	8.8,	'OO'),
('OO10',	'Σταθμός Διοδίων Κιάτου Μετωπικά (Προς Πάτρα)',	'Κορινθίας-Κιάτο',	37.99651,	22.73565,	1.7,	2.5,	6.2,	8.8,	'OO'),
('OO11',	'Σταθμός Διοδίων Νέας Περάμου Πλευρικά (Από Πάτρα)',	'Αττικής-Νέα Πέραμος',	38.01988,	23.42843,	1.1,	1.5,	3.9,	5.5,	'OO'),
('OO12',	'Σταθμός Διοδίων Νέας Περάμου Πλευρικά (Προς Πάτρα)',	'Αττικής-Νέα Πέραμος',	38.0197,	23.42683,	1.1,	1.5,	3.9,	5.5,	'OO'),
('OO13',	'Σταθμός Διοδίων Πάχης Πλευρικά (Από Πάτρα)',	'Αττικής-Πάχη',	37.98501,	23.34987,	0.7,	1,	2.5,	3.5,	'OO'),
('OO14',	'Σταθμός Διοδίων Πάχης Πλευρικά (Προς Πάτρα)',	'Αττικής-Πάχη',	37.9859,	23.3491,	0.7,	1,	2.5,	3.5,	'OO'),
('OO15',	'Σταθμός Διοδίων Δρεπάνου Πλευρικά (Από Αθήνα)',	'Αχαΐας-Δρέπανο',	38.32496,	21.858,	1.3,	1.8,	4.7,	6.6,	'OO'),
('OO16',	'Σταθμός Διοδίων Δρεπάνου Πλευρικά (Προς Αθήνα)',	'Αχαΐας-Δρέπανο',	38.32513,	21.85815,	1.3,	1.8,	4.7,	6.6,	'OO'),
('OO17',	'Σταθμός Διοδίων Ακράτας Πλευρικά (Από Αθήνα)',	'Αχαΐας-Κράθιο',	38.15655,	22.34285,	1.3,	1.9,	4.7,	6.7,	'OO'),
('OO18',	'Σταθμός Διοδίων Ακράτας Πλευρικά (Προς Αθήνα)',	'Αχαΐας-Κράθιο',	38.15715,	22.34236,	1.3,	1.9,	4.7,	6.7,	'OO'),
('OO19',	'Σταθμός Διοδίων Καλαβρύτων Πλευρικά (Από Αθήνα)',	'Αχαΐας-Τράπεζα',	38.17475,	22.23938,	1.8,	2.6,	6.5,	9.1,	'OO'),
('OO20',	'Σταθμός Διοδίων Καλαβρύτων Πλευρικά (Προς Αθήνα)',	'Αχαΐας-Τράπεζα',	38.17461,	22.23961,	1.8,	2.6,	6.5,	9.1,	'OO'),
('OO21',	'Σταθμός Διοδίων Αγίων Θεοδώρων Πλευρικά (Από Αθήνα)',	'Κορινθίας-Άγιοι Θεόδωροι',	37.92207,	23.11896,	0.4,	0.6,	1.5,	2.1,	'OO'),
('OO22',	'Σταθμός Διοδίων Αγίων Θεοδώρων Πλευρικά (Προς Αθήνα)',	'Κορινθίας-Άγιοι Θεόδωροι',	37.92194,	23.11967,	0.4,	0.6,	1.5,	2.1,	'OO'),
('OO23',	'Σταθμός Διοδίων Δερβενίου Πλευρικά (Από Αθήνα)',	'Κορινθίας-Δερβένι',	38.13183,	22.40492,	1,	1.4,	3.6,	5.1,	'OO'),
('OO24',	'Σταθμός Διοδίων Δερβενίου Πλευρικά (Προς Αθήνα)',	'Κορινθίας-Δερβένι',	38.13193,	22.40525,	1,	1.4,	3.6,	5.1,	'OO'),
('OO25',	'Σταθμός Διοδίων Ζευγολατιού Πλευρικά (Από Αθήνα)',	'Κορινθίας-Ζευγολατιό',	37.93143,	22.78815,	0.5,	0.8,	2,	2.9,	'OO'),
('OO26',	'Σταθμός Διοδίων Ζευγολατιού Πλευρικά (Προς Αθήνα)',	'Κορινθίας-Ζευγολατιό',	37.93128,	22.78786,	0.5,	0.8,	2,	2.9,	'OO'),
('OO27',	'Σταθμός Διοδίων Κιάτου Πλευρικά (Από Πάτρα)',	'Κορινθίας-Κιάτο',	38.00783,	22.73326,	0.6,	0.9,	2.4,	3.3,	'OO'),
('OO28',	'Σταθμός Διοδίων Κιάτου Πλευρικά (Προς Πάτρα)',	'Κορινθίας-Κιάτο',	38.00783,	22.73354,	0.6,	0.9,	2.4,	3.3,	'OO');

DROP TABLE IF EXISTS "tag";
CREATE TABLE "public"."tag" (
    "id" character varying NOT NULL,
    "operatorId" character varying(5),
    CONSTRAINT "PK_8e4052373c579afc1471f526760" PRIMARY KEY ("id")
) WITH (oids = false);

TRUNCATE "tag";
INSERT INTO "tag" ("id", "operatorId") VALUES
('NAO5ZJA8DZ',	'NAO'),
('NOXFGCAQV',	'NO'),
('NAONSM43D8',	'NAO'),
('NOQLL8OS9',	'NO'),
('AMNT3W5UZ',	'AM'),
('KOWM31YIH',	'KO'),
('NAOBMYOFQE',	'NAO'),
('MOV86WZS3',	'MO'),
('KOWKTAKPU',	'KO'),
('OOQ0OXFQ8',	'OO'),
('EG7UR23GD',	'EG'),
('OOZSJ49IT',	'OO'),
('NAOURTP0LZ',	'NAO'),
('NAO5UQPGB7',	'NAO'),
('NO7PTX63C',	'NO'),
('NAOP0J43D5',	'NAO'),
('NAOVZ41NAM',	'NAO'),
('MOJCKJLTE',	'MO'),
('AMLJH75LX',	'AM'),
('EGIGQPKI7',	'EG'),
('GEX7EEDTJ',	'GE'),
('OO7PZE9VI',	'OO'),
('OO3KKV9RF',	'OO'),
('AMH9SDBDW',	'AM'),
('NAOHL1N13J',	'NAO'),
('EG9CHJ755',	'EG'),
('AMV3A3ZMF',	'AM'),
('NOX6GVWRD',	'NO'),
('NAOLY8OZCY',	'NAO'),
('EGRHOCN9J',	'EG'),
('AMXAJI0Y6',	'AM'),
('KOJDP0LVS',	'KO'),
('NAOHAFEYUH',	'NAO'),
('OO1B0Z3NX',	'OO'),
('EGVWPVS7H',	'EG'),
('EGYTJXEPQ',	'EG'),
('KONCXLL4Z',	'KO'),
('NOE1V2ISQ',	'NO'),
('NAO09SKDGI',	'NAO'),
('NORCBPLJD',	'NO'),
('EGUT0CVS4',	'EG'),
('AMHJ7XVG0',	'AM'),
('GE5A0L725',	'GE'),
('EGC11ERTJ',	'EG'),
('EGF1T2TAL',	'EG'),
('EGSEIMVIH',	'EG'),
('KOIXA11DP',	'KO'),
('GE2IAGL58',	'GE'),
('GEJA1WJ0T',	'GE'),
('GEL6246HI',	'GE');

DROP TABLE IF EXISTS "user";
DROP SEQUENCE IF EXISTS user_id_seq;
CREATE SEQUENCE user_id_seq INCREMENT 1 MINVALUE 1 MAXVALUE 2147483647 CACHE 1;

CREATE TABLE "public"."user" (
    "id" integer DEFAULT nextval('user_id_seq') NOT NULL,
    "username" character varying NOT NULL,
    "password" character varying NOT NULL,
    "isAdmin" boolean NOT NULL,
    CONSTRAINT "PK_cace4a159ff9f2512dd42373760" PRIMARY KEY ("id"),
    CONSTRAINT "UQ_78a916df40e02a9deb1c4b75edb" UNIQUE ("username")
) WITH (oids = false);

TRUNCATE "user";
INSERT INTO "user" ("id", "username", "password", "isAdmin") VALUES
(1,	'admin',	'$2b$12$LL0t2kv0lsgvYaEzvc3NkuoQVQdIw6AYmyAWzhOV3/LI5mtVL7c06',	't'),
(2,	'aodos',	'$2b$12$A0b.OoELxkfjo4Jn./Beu.6psCV2AZIpF7Vbkol5kASK4f5an.Nay',	'f'),
(3,	'gefyra',	'$2b$12$od8cpl95PFmdHl0M5sVVSOZVqESzTUF1eo.MsTD7Kr9VkH/Ut0TV.',	'f'),
(4,	'egnatia',	'$2b$12$9I8lwpr3Q7UAxo9d4smRpe8Gn8r47EIvOGOBNSfuMyovu9cJUSXTi',	'f'),
(5,	'kentrikiodos',	'$2b$12$B9PA5l7ojRQsoqIy7rcfc.v.kmIH9pmVUifYTLZr4cgg3E7KEsxF.',	'f'),
(6,	'moreas',	'$2b$12$ZyvN7CuVKGK0VAezKq31/uBk6BfQdxv7uz9UesOjQTIJo0ISUPPWe',	'f'),
(7,	'neaodos',	'$2b$12$.3/GjexzO/9kT/2DxHBmj.mtoTg.1Rqh0CsB51GyQrzsU2xmMyZjG',	'f'),
(8,	'olympiaodos',	'$2b$12$g4mo.jDOqOoMHcizxbFYsuVqmo5qyTp1zQWVCeJRgTWYw8ZdvkMaa',	'f');

ALTER TABLE ONLY "public"."pass" ADD CONSTRAINT "FK_027faa511eac29c9846bede5306" FOREIGN KEY ("stationId") REFERENCES station(id) NOT DEFERRABLE;
ALTER TABLE ONLY "public"."pass" ADD CONSTRAINT "FK_48e9caaefdd2fcb176f9b79df32" FOREIGN KEY ("tagId") REFERENCES tag(id) NOT DEFERRABLE;

ALTER TABLE ONLY "public"."station" ADD CONSTRAINT "FK_7c5bd92ccb245ea3f0c713090e7" FOREIGN KEY ("operatorId") REFERENCES operator(id) NOT DEFERRABLE;

ALTER TABLE ONLY "public"."tag" ADD CONSTRAINT "FK_cc60081cc7c0a9eef388de5eab1" FOREIGN KEY ("operatorId") REFERENCES operator(id) NOT DEFERRABLE;
