{
    "answers": {
        "phase": "requirements specification",
        "action": "problem understanding",
        "scope": "api",
        "action experience": 4,  
        "language":  "n/a",  
        "other language": "none",
        "aimodel": "chatgpt",  
        "aimodel version": "4.0",  
        "open source aimodel": "n/a",  
        "tool option": "online full",  
        "experience with tool":3,  
        "time allocated (h)": "0.1",  
        "time saved estimate (h)": "0.5", 
        "quality of ai help": 4,  
        "knowledge acquired": 4,  
        "generic feeling - now": 4,  
        "generic feeling - future": 4,  
        "threat level": 1,  
        "notes": "Implemented user authentication and authorization mechanisms for a REST API. Provided endpoints for login and logout, access control through token-based authentication, and custom HTTP headers for authorization."  
    }
}
