{
    "answers": {
        "phase": "requirements specification",
        "action": "problem understanding",
        "scope": "uml other",
        "action experience": 4,  
        "language":  "n/a",  
        "other language": "UML and JSON to describe requirements and diagrams.",
        "aimodel": "chatgpt",  
        "aimodel version": "4.0",  
        "open source aimodel": "n/a",  
        "tool option": "online full",  
        "experience with tool":3,  
        "time allocated (h)": "0.1",  
        "time saved estimate (h)": "0.5", 
        "quality of ai help": 4,  
        "knowledge acquired": 4,  
        "generic feeling - now": 4,  
        "generic feeling - future": 4,  
        "threat level": 1,  
        "notes": "Detailed response with UML suggestions for interoperability between toll systems."  
    }
}
