timestamp,tollID,tagRef,tagHomeID,charge
2024-11-20T16:41:01.504Z,MO03,NOXFGCAQV,NO,5.25
2024-11-09T16:43:10.830Z,OO07,NAOURTP0LZ,NAO,1.3
2024-10-13T03:18:21.731Z,NAO08,AMV3A3ZMF,AM,6.25
2024-12-21T22:24:34.258Z,NAO18,NAOVZ41NAM,NAO,2.5
2025-01-02T18:20:00.456Z,KO04,NAOURTP0LZ,NAO,10.45
2024-12-12T02:04:26.936Z,NO07,EGVWPVS7H,EG,3.55
2024-10-10T17:28:41.228Z,AM13,EG9CHJ755,EG,1.1
2024-11-18T03:01:54.005Z,EG22,NO7PTX63C,NO,5.6
2024-11-16T03:09:59.710Z,NAO33,EGIGQPKI7,EG,2.5
2024-10-09T15:15:38.544Z,EG66,EGRHOCN9J,EG,0.2
2024-10-31T04:59:00.540Z,NAO17,NAOP0J43D5,NAO,2.5
2024-12-30T17:04:19.278Z,NO31,AMV3A3ZMF,AM,2.75
2024-11-05T21:14:33.775Z,KO03,AMHJ7XVG0,AM,2.05
2025-01-03T23:34:35.255Z,EG40,KOIXA11DP,KO,2
2024-11-10T20:36:06.914Z,EG25,EGYTJXEPQ,EG,6.3
2024-12-03T11:01:02.674Z,NAO35,GE5A0L725,GE,10
2024-11-16T12:05:57.095Z,EG33,NOXFGCAQV,NO,2
2024-10-19T01:36:16.493Z,EG49,NAOHL1N13J,NAO,2.3
2025-01-01T13:09:13.882Z,MO08,NAO5ZJA8DZ,NAO,2.2
2024-11-15T00:03:19.236Z,EG08,NAOHAFEYUH,NAO,1.8
2024-11-05T13:55:28.205Z,NAO06,NAOP0J43D5,NAO,6.25
2024-12-23T03:58:43.315Z,EG74,GEX7EEDTJ,GE,2.5
2024-10-16T20:05:34.698Z,MO15,NAOURTP0LZ,NAO,0.5
2024-10-18T22:42:02.709Z,EG30,AMXAJI0Y6,AM,1.1
2025-01-04T18:09:55.860Z,EG57,NAO09SKDGI,NAO,0.8
2024-10-22T13:20:24.249Z,KO04,MOJCKJLTE,MO,2.05
2024-11-17T08:27:22.271Z,OO04,EG7UR23GD,EG,6.2
2024-12-23T07:46:24.848Z,NAO34,AMNT3W5UZ,AM,10
2024-12-21T08:04:30.832Z,KO13,NAOBMYOFQE,NAO,4.05
2024-11-27T03:38:12.280Z,EG57,EG7UR23GD,EG,0.6
2024-12-25T20:07:56.773Z,NAO32,NAOHAFEYUH,NAO,10
2024-11-06T22:37:18.534Z,NAO07,EGIGQPKI7,EG,2.5
2024-12-08T10:32:51.096Z,OO12,NOE1V2ISQ,NO,5.5
2024-10-19T15:44:04.617Z,OO04,OO3KKV9RF,OO,8.7
2024-11-10T02:13:13.636Z,NO01,NAO09SKDGI,NAO,13.5
2024-12-31T08:43:14.733Z,EG47,AMLJH75LX,AM,0.2
2024-11-24T18:05:38.113Z,KO26,EG9CHJ755,EG,0.7
2025-01-02T11:34:17.966Z,KO07,NO7PTX63C,NO,1.85
2024-10-29T09:26:45.333Z,EG47,GEX7EEDTJ,GE,0.2
2024-12-11T15:20:02.950Z,AM28,AMLJH75LX,AM,1.8
2024-11-01T00:17:52.037Z,AM01,OO1B0Z3NX,OO,2
2024-11-08T01:51:09.899Z,AM15,AMV3A3ZMF,AM,1.5
2024-11-21T11:26:46.204Z,NAO29,KOJDP0LVS,KO,1.25
2024-11-01T19:48:18.216Z,NAO35,KOWM31YIH,KO,1.25
2024-10-28T02:08:48.473Z,EG33,EG7UR23GD,EG,2
2024-12-20T20:45:28.725Z,AM22,NORCBPLJD,NO,0.8
2024-12-13T16:55:08.863Z,EG36,GE2IAGL58,GE,1
2025-01-03T02:48:21.492Z,NO23,EGRHOCN9J,EG,2.15
2024-12-03T21:02:27.253Z,NO28,OOZSJ49IT,OO,4.15
2024-10-25T03:51:55.828Z,NO28,AMV3A3ZMF,AM,4.15
2025-01-05T14:34:24.491Z,AM28,EGF1T2TAL,EG,0.4
2024-11-11T20:46:41.174Z,AM15,NAOHAFEYUH,NAO,1.5
2024-11-24T11:59:33.026Z,EG43,NAOHAFEYUH,NAO,1.1
2024-12-31T15:58:08.063Z,NO23,NORCBPLJD,NO,5.4
2025-01-01T03:27:58.816Z,MO12,EGSEIMVIH,EG,1.4
2024-11-29T00:38:34.325Z,NO16,NOXFGCAQV,NO,2.3
2024-10-22T15:51:41.089Z,EG55,NOQLL8OS9,NO,0.5
2024-12-23T00:24:42.729Z,NO02,NAOLY8OZCY,NAO,3.85
2024-10-27T11:35:56.601Z,EG16,EG9CHJ755,EG,0.8
2024-12-19T16:37:18.164Z,NO28,KOJDP0LVS,KO,4.15
2024-11-09T09:05:34.341Z,EG45,NAOLY8OZCY,NAO,0.8
2024-11-13T02:26:19.646Z,EG57,GE5A0L725,GE,0.6
2024-12-26T20:58:23.027Z,OO08,OO3KKV9RF,OO,1.3
2024-11-19T02:33:28.273Z,EG74,AMH9SDBDW,AM,1
2024-10-28T23:51:45.585Z,NAO29,NAOHAFEYUH,NAO,1.25
2024-12-31T16:12:02.998Z,NAO40,NAO5ZJA8DZ,NAO,6.25
2024-11-12T02:18:09.390Z,NO06,EGYTJXEPQ,EG,2.3
2024-11-02T01:56:06.284Z,NO29,NOQLL8OS9,NO,0.7
2024-10-16T14:58:53.298Z,OO07,NOQLL8OS9,NO,1.9
2024-10-26T09:20:15.502Z,MO16,AMV3A3ZMF,AM,1.85
2024-11-22T06:12:19.115Z,EG07,EGC11ERTJ,EG,4.5
2024-12-29T11:01:47.744Z,EG57,NAOHL1N13J,NAO,0.8
2024-10-21T04:28:41.322Z,EG42,NAOURTP0LZ,NAO,0.4
2024-11-22T21:43:25.413Z,EG21,NO7PTX63C,NO,1.6
2024-12-28T15:55:21.263Z,MO01,EG9CHJ755,EG,0.9
2024-11-05T04:21:43.934Z,NAO04,NAONSM43D8,NAO,1.25
2024-12-14T08:16:21.556Z,EG33,NORCBPLJD,NO,1.4
2024-12-01T03:29:35.355Z,EG04,KOWKTAKPU,KO,1.2
2024-12-07T14:16:09.857Z,NAO29,GE2IAGL58,GE,1.25
2024-11-08T04:13:02.464Z,NO31,NAONSM43D8,NAO,1.1
2024-10-20T03:44:27.178Z,NAO09,GE5A0L725,GE,6.25
2024-11-16T11:37:18.491Z,MO17,NAOHL1N13J,NAO,0.5
2024-10-18T04:09:37.868Z,NO21,EGYTJXEPQ,EG,2.9
2024-12-16T23:03:05.660Z,MO02,GE5A0L725,GE,3.4
2024-11-23T08:56:34.415Z,AM01,AMNT3W5UZ,AM,1.4
2024-10-19T02:04:10.927Z,EG43,KONCXLL4Z,KO,1.1
2024-10-24T05:32:18.930Z,EG50,AMLJH75LX,AM,1
2024-11-09T00:52:38.650Z,GE02,AMHJ7XVG0,AM,2
2024-11-11T03:16:55.276Z,NAO31,OO3KKV9RF,OO,10
2024-10-29T12:43:00.428Z,OO02,EGF1T2TAL,EG,8.1
2024-10-15T15:12:24.087Z,OO07,GEL6246HI,GE,4.9
2024-11-30T05:14:22.876Z,NAO05,NOX6GVWRD,NO,1.25
2024-11-30T14:09:14.840Z,KO12,AMLJH75LX,AM,5
2024-12-15T19:51:22.282Z,NAO13,AMNT3W5UZ,AM,10
2025-01-04T12:09:33.416Z,NO24,NAOURTP0LZ,NAO,5.4
2024-10-25T01:21:54.412Z,EG42,KOJDP0LVS,KO,2.1
2024-11-18T16:22:10.575Z,AM16,OO1B0Z3NX,OO,6.4
2024-12-02T04:10:45.676Z,EG62,EG9CHJ755,EG,1
2024-10-31T18:08:36.544Z,KO14,EGC11ERTJ,EG,0.8
2024-10-23T08:03:55.812Z,EG02,EG9CHJ755,EG,0.7
2024-10-24T14:12:05.228Z,EG74,NAOHAFEYUH,NAO,2.5
2024-12-07T04:11:58.100Z,AM23,NORCBPLJD,NO,4.6
2024-10-19T18:24:54.859Z,MO14,OO7PZE9VI,OO,0.8
2025-01-05T08:24:12.941Z,EG70,EG9CHJ755,EG,1.8
2024-12-13T11:17:50.168Z,NAO09,EGIGQPKI7,EG,10
2024-12-03T10:03:46.336Z,AM27,EGYTJXEPQ,EG,1.8
2024-11-28T17:29:33.455Z,NAO23,NAO5ZJA8DZ,NAO,6.25
2024-11-13T00:28:31.970Z,NAO22,EGUT0CVS4,EG,6.25
2024-12-19T10:47:33.923Z,NAO13,KOWM31YIH,KO,6.25
2024-11-01T05:56:08.301Z,NAO15,NAO5ZJA8DZ,NAO,6.25
2024-11-07T14:25:04.728Z,EG42,AMNT3W5UZ,AM,2.1
2024-12-30T17:51:37.277Z,KO25,NOQLL8OS9,NO,1.75
2024-11-23T15:26:03.814Z,KO11,NOQLL8OS9,NO,5
2024-10-31T18:56:55.089Z,NAO09,EGRHOCN9J,EG,2.5
2024-10-15T08:21:50.825Z,NO02,NO7PTX63C,NO,2.7
2024-11-15T02:56:23.854Z,MO10,KOWKTAKPU,KO,1.9
2024-11-18T22:52:51.931Z,NO32,NAOURTP0LZ,NAO,1.1
2024-11-26T04:34:31.903Z,EG72,AMNT3W5UZ,AM,0.2
2024-10-17T03:28:31.989Z,AM09,NO7PTX63C,NO,13.1
2024-11-26T06:01:24.663Z,EG57,OO3KKV9RF,OO,2.8
2024-11-08T01:09:54.448Z,EG01,EGC11ERTJ,EG,10.5
2024-10-18T15:17:07.728Z,NAO17,EGVWPVS7H,EG,1.25
2024-10-19T23:46:51.242Z,NAO03,GEL6246HI,GE,10
2024-12-02T17:42:27.009Z,EG54,NAOHAFEYUH,NAO,1.5
2024-11-19T03:37:59.487Z,OO10,EGC11ERTJ,EG,1.7
2024-12-07T00:27:27.973Z,AM24,NAOHAFEYUH,NAO,0.8
2024-10-26T21:01:45.678Z,AM02,AMLJH75LX,AM,1.4
2024-12-23T22:02:33.203Z,EG58,MOV86WZS3,MO,0.8
2024-11-04T06:21:05.345Z,EG16,EGIGQPKI7,EG,0.8
2024-11-06T07:12:47.470Z,EG08,GEL6246HI,GE,4.5
2024-12-22T12:23:38.767Z,EG16,EG9CHJ755,EG,4.2
2024-10-12T22:16:24.564Z,OO26,GE2IAGL58,GE,0.8
2024-10-29T05:36:21.264Z,NO30,GEX7EEDTJ,GE,0.7
2024-12-07T03:52:05.419Z,NAO27,MOV86WZS3,MO,2.5
2024-10-19T16:53:24.694Z,NO12,EGSEIMVIH,EG,8.45
2024-11-14T07:10:09.982Z,AM28,AMNT3W5UZ,AM,0.4
2024-12-16T22:35:01.772Z,MO18,GEJA1WJ0T,GE,0.5
2024-10-26T22:58:24.026Z,OO21,GEX7EEDTJ,GE,0.4
2024-10-28T17:55:16.536Z,OO27,OOQ0OXFQ8,OO,0.9
2024-12-01T23:52:24.544Z,EG37,KOJDP0LVS,KO,1.4
2024-12-23T07:55:16.924Z,NO01,NAOLY8OZCY,NAO,3.85
2024-10-09T16:22:29.849Z,NAO10,NAONSM43D8,NAO,10
2024-11-22T15:14:15.468Z,AM04,AMNT3W5UZ,AM,9.6
2024-10-21T00:28:40.876Z,NO14,NAO5ZJA8DZ,NAO,4.15
2024-11-11T12:31:57.869Z,EG34,AMV3A3ZMF,AM,7
2024-11-09T03:13:01.709Z,EG50,EGF1T2TAL,EG,1.4
2024-10-20T08:24:29.099Z,EG39,KOWM31YIH,KO,2.8
2024-12-26T06:10:52.758Z,OO03,AMNT3W5UZ,AM,2.4
2024-11-01T19:57:29.613Z,AM01,OOQ0OXFQ8,OO,2
2024-10-13T18:07:02.534Z,OO06,KOWKTAKPU,KO,8.9
2024-11-14T06:28:42.063Z,NAO39,NAOHAFEYUH,NAO,6.25
2024-10-28T05:05:57.129Z,EG53,KONCXLL4Z,KO,1.1
2024-10-31T15:16:38.419Z,EG35,NAO5UQPGB7,NAO,2.5
2024-12-12T20:14:49.836Z,NAO35,NAONSM43D8,NAO,10
2024-12-11T19:05:53.966Z,OO27,OO1B0Z3NX,OO,3.3
2024-10-23T11:41:46.629Z,KO22,EGC11ERTJ,EG,2.35
2024-10-17T12:31:16.536Z,KO10,NAO5UQPGB7,NAO,7.25
2024-10-22T08:51:48.598Z,AM23,NAONSM43D8,NAO,0.8
2024-12-09T23:16:55.497Z,AM05,NAOHAFEYUH,NAO,2.5
2024-10-20T11:56:08.591Z,MO16,KOJDP0LVS,KO,0.5
2024-12-16T16:52:28.162Z,EG36,GEL6246HI,GE,0.7
2024-12-28T00:41:11.782Z,EG24,NAOHL1N13J,NAO,1.4
2024-12-16T16:53:47.646Z,EG06,NAOBMYOFQE,NAO,1.2
2024-12-30T13:20:03.261Z,EG57,OOQ0OXFQ8,OO,0.6
2024-10-14T23:02:16.419Z,MO14,NAONSM43D8,NAO,2.85
2024-12-21T19:43:21.950Z,NAO11,EGC11ERTJ,EG,6.25
2024-11-09T01:51:15.586Z,AM24,NAO5UQPGB7,NAO,3.3
2024-10-22T01:42:48.351Z,NO20,KOIXA11DP,KO,1.25
2025-01-04T11:34:15.226Z,EG34,AMHJ7XVG0,AM,2
2024-11-28T06:20:25.140Z,EG48,NAOBMYOFQE,NAO,0.9
2024-11-24T14:11:12.437Z,KO07,GE2IAGL58,GE,6.6
2024-11-29T20:09:45.619Z,KO07,NAOBMYOFQE,NAO,6.6
2025-01-01T05:22:06.346Z,NAO11,NAOHL1N13J,NAO,6.25
2024-10-30T09:48:04.408Z,OO23,AMXAJI0Y6,AM,1.4
2024-12-21T11:49:52.974Z,EG07,EG7UR23GD,EG,4.5
2024-11-29T02:01:32.967Z,AM08,GE5A0L725,GE,8.6
2025-01-03T00:17:14.358Z,EG44,GEL6246HI,GE,0.8
2024-12-11T08:32:41.419Z,KO06,MOJCKJLTE,MO,4.8
2024-11-23T16:56:34.666Z,NAO41,EGUT0CVS4,EG,10
2024-12-16T04:47:38.485Z,NAO37,KOWKTAKPU,KO,6.25
2024-11-22T22:40:39.675Z,NAO07,OO7PZE9VI,OO,6.25
2024-11-03T12:45:15.581Z,EG53,EGRHOCN9J,EG,0.3
2024-12-21T13:43:53.292Z,KO18,EGIGQPKI7,EG,0.55
2024-12-08T05:50:49.928Z,AM23,KOWM31YIH,KO,4.6
2024-11-25T04:29:27.285Z,NO23,EGC11ERTJ,EG,1.5
2024-12-04T06:03:55.411Z,OO04,NAO5UQPGB7,NAO,1.7
2024-10-09T15:32:18.232Z,EG01,EG7UR23GD,EG,10.5
2024-11-01T00:57:33.704Z,OO07,EGF1T2TAL,EG,1.9
2024-12-01T07:04:37.385Z,EG68,GEJA1WJ0T,GE,0.2
2025-01-02T08:52:37.500Z,KO18,NAO5UQPGB7,NAO,2.05
2024-11-01T18:55:15.930Z,NAO24,EG9CHJ755,EG,6.25
2024-11-08T06:40:49.889Z,NAO29,AMH9SDBDW,AM,1.25
2024-12-03T07:04:45.340Z,MO14,OO1B0Z3NX,OO,0.8
2024-12-23T23:29:15.810Z,AM19,MOV86WZS3,MO,1.7
2024-12-13T08:16:52.299Z,NAO41,EGRHOCN9J,EG,10
2024-10-20T21:24:54.069Z,KO17,KOWM31YIH,KO,2.9
2024-11-08T15:29:02.136Z,EG15,NOXFGCAQV,NO,1.2
2024-11-13T21:01:07.860Z,NAO21,KOWM31YIH,KO,1.25
2024-10-26T00:52:33.832Z,EG71,NO7PTX63C,NO,1.3
2024-11-13T18:39:55.015Z,AM14,NAO09SKDGI,NAO,3.2
2024-12-18T14:11:09.296Z,NAO08,EGRHOCN9J,EG,1.25
2024-12-17T20:03:04.523Z,NO32,EGUT0CVS4,EG,1.1
2024-11-15T15:41:47.540Z,KO10,KOWKTAKPU,KO,2.05
2024-12-22T09:43:17.287Z,OO11,AMV3A3ZMF,AM,1.5
2024-12-02T17:08:53.680Z,NAO18,EGIGQPKI7,EG,1.25
2024-12-30T15:09:40.417Z,AM01,NAOBMYOFQE,NAO,8.3
2024-11-19T11:36:26.386Z,NAO24,NOX6GVWRD,NO,1.25
2024-12-13T14:31:52.650Z,AM08,GE2IAGL58,GE,8.6
2024-11-09T17:57:33.343Z,NO33,EGUT0CVS4,EG,8.35
2024-10-23T17:45:19.853Z,NO26,KOIXA11DP,KO,1.05
2024-12-08T02:17:03.623Z,AM15,GEJA1WJ0T,GE,9
2024-11-09T08:15:37.654Z,EG59,AMLJH75LX,AM,0.8
2024-11-29T12:18:33.755Z,NO23,EGYTJXEPQ,EG,1.5
2024-11-11T23:51:22.173Z,NAO33,AMXAJI0Y6,AM,1.25
2024-12-22T12:51:57.135Z,OO15,NOXFGCAQV,NO,1.3
2024-10-30T12:18:54.638Z,AM13,AMV3A3ZMF,AM,3.2
2024-11-13T21:12:13.972Z,EG39,NAOHAFEYUH,NAO,0.6
2024-12-28T20:17:40.566Z,EG59,EGF1T2TAL,EG,0.8
2025-01-04T04:03:10.079Z,KO25,AMHJ7XVG0,AM,0.5
2024-11-19T20:04:50.185Z,KO26,NAO09SKDGI,NAO,1.75
2024-12-06T05:45:28.717Z,OO21,NAOHAFEYUH,NAO,0.6
2024-12-30T17:01:42.566Z,AM14,EGF1T2TAL,EG,4.5
2024-11-27T09:28:00.774Z,MO05,OO7PZE9VI,OO,2.6
2024-11-10T15:27:06.958Z,AM13,NAONSM43D8,NAO,0.7
2024-10-31T16:10:56.221Z,NO28,NAOVZ41NAM,NAO,1.15
2024-12-07T06:59:25.424Z,OO03,NOQLL8OS9,NO,8.7
2024-12-25T13:21:05.239Z,OO25,NAO5ZJA8DZ,NAO,0.5
2024-10-30T17:00:55.241Z,MO10,AMLJH75LX,AM,9.6
2024-12-28T05:12:05.728Z,EG53,MOV86WZS3,MO,1.1
2024-11-15T05:01:47.570Z,NAO36,NAO5ZJA8DZ,NAO,6.25
2024-12-16T12:13:06.347Z,NAO19,KOJDP0LVS,KO,6.25
2025-01-03T17:15:11.019Z,GE02,EGRHOCN9J,EG,14.7
2024-10-19T02:22:47.537Z,KO13,NOE1V2ISQ,NO,1.15
2024-11-16T02:47:04.319Z,MO14,NOX6GVWRD,NO,0.8
2024-10-26T18:10:37.950Z,MO12,GEL6246HI,GE,1.4
2024-11-02T12:15:09.396Z,NO25,AMLJH75LX,AM,1.55
2024-11-09T13:47:12.478Z,OO19,OOZSJ49IT,OO,6.5
2024-11-02T13:29:06.087Z,NAO05,OO1B0Z3NX,OO,2.5
2024-12-10T21:48:59.323Z,OO14,EGSEIMVIH,EG,2.5
2024-10-17T13:58:25.355Z,NO13,AMXAJI0Y6,AM,14.6
2025-01-03T11:57:02.731Z,EG11,EGUT0CVS4,EG,1.5
2024-11-21T16:23:28.286Z,OO16,KOWKTAKPU,KO,1.3
2024-12-12T05:49:40.103Z,NAO38,KOIXA11DP,KO,2.5
2024-12-29T03:59:55.416Z,AM14,AMH9SDBDW,AM,0.7
2024-11-08T04:46:37.310Z,KO12,KONCXLL4Z,KO,2
2024-11-02T18:56:42.157Z,EG57,KOWKTAKPU,KO,0.8
2024-12-19T22:24:20.352Z,NAO10,EGUT0CVS4,EG,2.5
2024-12-25T20:00:41.553Z,EG57,MOV86WZS3,MO,2.8
2024-12-24T19:39:48.169Z,EG52,NAOBMYOFQE,NAO,1.1
2024-11-02T08:03:39.025Z,OO05,NAONSM43D8,NAO,3.5
2024-12-14T15:49:29.977Z,AM19,NOE1V2ISQ,NO,5
2025-01-05T08:53:05.797Z,NO25,NAOURTP0LZ,NAO,1.05
2024-11-30T18:28:09.063Z,NAO28,NAO5UQPGB7,NAO,6.25
2024-12-28T12:36:27.623Z,OO19,EG9CHJ755,EG,9.1
2024-12-20T10:55:34.652Z,KO06,KOJDP0LVS,KO,4.8
2024-11-18T15:36:03.152Z,NO02,NAOURTP0LZ,NAO,9.6
2024-11-03T07:57:47.571Z,AM25,NAOVZ41NAM,NAO,4.9
2024-11-04T21:44:53.469Z,OO04,KOWM31YIH,KO,2.4
2024-11-18T22:18:47.802Z,AM04,AMNT3W5UZ,AM,2.2
2025-01-01T23:37:04.199Z,KO10,NAO5ZJA8DZ,NAO,1.45
2024-10-25T23:53:18.121Z,NO23,NAOHL1N13J,NAO,2.15
2024-12-10T07:58:59.606Z,NAO25,AMNT3W5UZ,AM,10
2024-10-31T19:48:20.576Z,NAO36,NAOHAFEYUH,NAO,10
2024-12-09T09:33:40.046Z,EG26,KOIXA11DP,KO,6.3
2024-10-23T07:46:02.462Z,OO06,NORCBPLJD,NO,2.4
2024-12-26T18:10:14.454Z,NAO35,NAOBMYOFQE,NAO,2.5
2024-12-15T04:56:25.702Z,OO28,NORCBPLJD,NO,0.9
2024-12-23T17:01:51.656Z,OO10,GE5A0L725,GE,2.5
2024-11-28T05:51:54.513Z,AM18,NAOLY8OZCY,NAO,5
2024-11-16T10:20:01.490Z,KO09,OOQ0OXFQ8,OO,5.15
2024-10-08T16:12:39.523Z,NAO34,GEL6246HI,GE,1.25
2024-10-26T15:40:18.726Z,NO02,AMH9SDBDW,AM,3.85
2024-11-14T00:35:14.152Z,NO02,MOV86WZS3,MO,13.5
2024-10-27T11:58:23.027Z,EG23,AMLJH75LX,AM,1.4
2024-10-08T10:40:37.659Z,NAO14,EGC11ERTJ,EG,1.25
2024-12-02T13:58:57.177Z,MO06,NAO09SKDGI,NAO,1.8
2024-12-07T15:19:16.255Z,NAO20,MOJCKJLTE,MO,1.25
2024-11-11T00:40:00.783Z,MO10,AMXAJI0Y6,AM,2.7
2024-10-11T23:29:30.550Z,KO09,NORCBPLJD,NO,5.15
2024-10-13T12:43:02.419Z,NO13,NAOHL1N13J,NAO,4.15
2024-10-17T09:32:21.317Z,EG22,MOV86WZS3,MO,4
2024-10-24T17:06:43.731Z,NAO10,NAOHAFEYUH,NAO,6.25
2024-10-26T13:30:30.108Z,EG73,KOIXA11DP,KO,0.2
2025-01-03T23:17:32.442Z,EG72,OOZSJ49IT,OO,0.8
2024-10-20T11:13:45.066Z,EG19,NAOBMYOFQE,NAO,4.9
2024-12-01T01:58:38.222Z,NO11,MOJCKJLTE,MO,2.35
2024-12-20T06:53:09.943Z,EG43,EGUT0CVS4,EG,0.8
2024-12-15T01:40:14.837Z,NO07,EGUT0CVS4,EG,2.5
2024-10-13T19:28:22.157Z,AM17,OOQ0OXFQ8,OO,4.2
2024-10-21T10:34:07.344Z,EG66,KONCXLL4Z,KO,0.2
2024-12-09T03:39:38.777Z,OO25,EG9CHJ755,EG,2.9
2024-12-26T00:13:57.346Z,OO20,MOJCKJLTE,MO,6.5
2024-12-11T10:36:06.324Z,NAO25,AMV3A3ZMF,AM,6.25
2024-11-19T18:41:04.611Z,AM18,KOJDP0LVS,KO,1.7
2024-11-14T20:45:36.425Z,NAO16,NOQLL8OS9,NO,1.25
2024-10-24T00:42:59.856Z,EG47,EGRHOCN9J,EG,0.8
2024-10-11T20:48:03.821Z,EG55,EGIGQPKI7,EG,2.1
2024-10-29T21:25:05.775Z,EG74,OO3KKV9RF,OO,1
2024-10-15T05:29:11.573Z,KO18,NAOHAFEYUH,NAO,0.8
2024-10-29T01:08:45.631Z,EG21,EGC11ERTJ,EG,1.6
2024-12-20T23:21:05.413Z,EG66,MOV86WZS3,MO,0.8
2024-10-22T14:40:29.469Z,EG40,OOZSJ49IT,OO,0.6
2024-12-14T13:51:23.513Z,EG58,AMV3A3ZMF,AM,0.8
2024-11-01T12:01:54.766Z,OO26,KONCXLL4Z,KO,2
2024-11-06T00:50:23.262Z,MO13,NORCBPLJD,NO,2.85
2024-10-12T08:50:39.787Z,EG60,GE2IAGL58,GE,3.3
2024-11-17T03:45:00.445Z,EG25,GE5A0L725,GE,6.3
2024-11-02T23:59:37.819Z,EG42,KOWKTAKPU,KO,1.5
2025-01-05T21:45:30.281Z,EG29,NAO09SKDGI,NAO,3.8
2024-12-03T15:24:16.705Z,EG21,NAOP0J43D5,NAO,5.6
2024-10-15T16:21:57.906Z,OO03,NOX6GVWRD,NO,2.4
2024-10-24T11:49:00.100Z,NAO41,EGF1T2TAL,EG,2.5
2024-10-21T06:11:58.074Z,OO25,MOJCKJLTE,MO,0.8
2024-12-05T02:40:42.028Z,EG72,MOJCKJLTE,MO,0.3
2024-10-19T03:40:59.207Z,EG15,AMNT3W5UZ,AM,0.8
2024-10-26T20:52:42.115Z,NAO25,EGRHOCN9J,EG,6.25
2024-12-11T01:47:24.327Z,MO01,EGIGQPKI7,EG,3.4
2024-11-10T21:15:33.711Z,EG21,GEJA1WJ0T,GE,4
2024-11-13T03:58:48.003Z,MO17,KOIXA11DP,KO,0.5
2024-11-07T13:53:58.099Z,EG50,EGUT0CVS4,EG,0.4
2024-12-23T20:00:10.460Z,NO34,NAO5ZJA8DZ,NAO,11.75
2024-11-28T03:44:09.351Z,OO24,OOQ0OXFQ8,OO,5.1
2024-10-31T18:16:26.415Z,EG29,NAO5UQPGB7,NAO,3.8
2024-12-02T21:38:14.993Z,EG11,EGF1T2TAL,EG,0.3
2024-12-11T17:26:13.421Z,OO12,KOWKTAKPU,KO,3.9
2024-12-30T04:47:10.566Z,MO02,OO1B0Z3NX,OO,3.4
2024-10-11T19:58:51.774Z,NAO14,GEJA1WJ0T,GE,10
2025-01-04T16:36:52.780Z,NO31,NAOHAFEYUH,NAO,0.75
2024-12-22T23:21:26.764Z,EG25,AMV3A3ZMF,AM,4.5
2024-11-01T23:05:49.029Z,EG29,KOWM31YIH,KO,3.8
2024-10-09T17:58:25.219Z,OO12,MOV86WZS3,MO,3.9
2024-11-23T14:51:48.930Z,EG07,NAOP0J43D5,NAO,4.5
2024-12-17T03:47:08.554Z,AM19,EGVWPVS7H,EG,1.7
2024-12-14T15:38:17.386Z,OO14,NAO09SKDGI,NAO,0.7
2024-12-05T11:25:51.687Z,KO26,NAO09SKDGI,NAO,0.7
2024-11-11T05:49:01.186Z,AM17,GE2IAGL58,GE,0.7
2024-12-22T01:30:51.017Z,NO04,NAONSM43D8,NAO,11.45
2024-12-17T00:05:05.692Z,EG45,NO7PTX63C,NO,0.2
2024-10-10T09:55:20.708Z,MO04,NAOLY8OZCY,NAO,7.4
2024-10-29T02:15:06.023Z,NO33,MOJCKJLTE,MO,11.75
2024-12-30T17:46:51.886Z,EG03,AMH9SDBDW,AM,0.8
2024-12-20T17:56:12.786Z,NO08,EGIGQPKI7,EG,8.95
2024-10-11T22:58:42.225Z,EG19,AMV3A3ZMF,AM,1
2024-10-19T01:31:51.340Z,MO01,OO1B0Z3NX,OO,1.35
2024-10-13T20:10:55.957Z,NAO11,EGC11ERTJ,EG,1.25
2024-10-28T23:21:08.439Z,AM13,AMHJ7XVG0,AM,1.1
2024-12-01T06:52:44.623Z,MO01,OO1B0Z3NX,OO,1.35
2024-10-19T10:04:35.107Z,EG68,NAOBMYOFQE,NAO,0.3
2024-12-16T04:02:43.258Z,KO23,NOE1V2ISQ,NO,1.3
2024-10-13T00:45:05.690Z,KO10,EG7UR23GD,EG,5.15
2024-12-01T03:59:46.488Z,NO15,AMNT3W5UZ,AM,2.3
2024-11-14T21:49:16.159Z,EG30,OOZSJ49IT,OO,3.8
2024-11-02T09:09:55.597Z,EG12,NAOP0J43D5,NAO,1.5
2024-12-03T20:58:33.134Z,NO31,EGVWPVS7H,EG,2.75
2024-10-21T06:25:56.278Z,NAO26,EGUT0CVS4,EG,6.25
2024-12-04T10:15:06.894Z,EG39,KOWKTAKPU,KO,0.6
2024-12-18T05:17:14.353Z,NAO21,NAOHL1N13J,NAO,1.25
2024-10-17T18:58:25.157Z,AM23,EG9CHJ755,EG,3.3
2024-11-20T05:40:52.531Z,KO24,EGSEIMVIH,EG,1.3
2024-12-10T06:36:50.090Z,EG56,NAOLY8OZCY,NAO,2
2024-12-23T16:42:24.732Z,OO08,AMH9SDBDW,AM,1.3
2024-11-22T03:15:43.391Z,OO04,OOZSJ49IT,OO,8.7
2024-10-16T11:01:48.033Z,EG15,OOZSJ49IT,OO,1.2
2024-12-10T00:28:03.839Z,NO11,NAOBMYOFQE,NAO,8.45
2024-11-24T21:03:08.562Z,EG27,MOJCKJLTE,MO,1
2024-11-03T20:24:55.877Z,OO02,AMH9SDBDW,AM,5.8
2024-11-01T16:21:25.431Z,OO18,OOQ0OXFQ8,OO,1.3
2024-11-25T18:21:20.467Z,EG48,OOZSJ49IT,OO,0.6
2024-10-31T08:45:22.517Z,AM15,EGUT0CVS4,EG,9
2025-01-06T05:10:46.369Z,NAO03,EGF1T2TAL,EG,2.5
2024-10-29T03:59:24.425Z,EG53,GEJA1WJ0T,GE,0.2
2024-10-17T00:43:17.969Z,OO05,NOE1V2ISQ,NO,12.4
2024-11-28T19:39:54.572Z,NO10,GE2IAGL58,GE,2.9
2024-12-25T23:09:50.650Z,EG63,AMV3A3ZMF,AM,0.3
2024-12-02T00:57:41.627Z,KO04,AMXAJI0Y6,AM,10.45
2024-10-30T20:30:18.442Z,NO14,GEX7EEDTJ,GE,10.45
2024-12-16T16:13:47.254Z,MO14,NAONSM43D8,NAO,2.05
2024-12-26T19:15:20.391Z,EG57,OOQ0OXFQ8,OO,2
2024-12-06T05:45:08.334Z,EG36,NAOHAFEYUH,NAO,1
2024-11-27T03:58:28.754Z,OO18,NAOBMYOFQE,NAO,1.9
2025-01-04T01:39:43.184Z,MO14,OO3KKV9RF,OO,2.05
2024-10-27T21:28:56.575Z,OO24,NAOLY8OZCY,NAO,1
2024-12-15T00:21:15.022Z,EG64,AMH9SDBDW,AM,0.7
2024-10-23T23:15:29.171Z,EG44,NAOHAFEYUH,NAO,0.3
2024-10-20T22:53:10.216Z,NAO12,NAO5UQPGB7,NAO,2.5
2024-10-12T17:18:05.217Z,EG31,NAO5ZJA8DZ,NAO,1
2024-11-24T08:55:55.109Z,KO23,NO7PTX63C,NO,0.25
2024-10-26T08:26:03.878Z,NAO18,KOIXA11DP,KO,2.5
2024-12-11T04:37:53.882Z,MO10,NOX6GVWRD,NO,9.6
2024-12-28T01:15:08.824Z,MO18,NAOHL1N13J,NAO,2.9
2025-01-02T02:49:59.465Z,OO18,KONCXLL4Z,KO,1.9
2024-12-20T06:37:40.359Z,MO17,NOXFGCAQV,NO,2.05
2024-12-17T13:59:26.021Z,EG63,EGYTJXEPQ,EG,1
2024-10-23T22:19:49.972Z,EG23,EGVWPVS7H,EG,1
2024-11-20T23:16:07.654Z,NO24,KOJDP0LVS,KO,2.15
2024-10-24T07:35:04.559Z,OO21,GEX7EEDTJ,GE,1.5
2024-12-25T15:30:55.380Z,EG31,OO7PZE9VI,OO,1.4
2024-12-08T11:37:50.007Z,OO17,AMH9SDBDW,AM,1.9
2024-10-10T17:11:18.638Z,OO27,NAOBMYOFQE,NAO,3.3
2024-11-09T22:46:22.157Z,EG36,EG7UR23GD,EG,1
2024-11-27T07:32:23.579Z,EG10,NOXFGCAQV,NO,0.9
2024-11-10T22:11:03.239Z,NO04,AMHJ7XVG0,AM,3.25
2024-11-25T18:08:14.351Z,EG30,NOE1V2ISQ,NO,5.3
2024-12-15T12:52:22.856Z,EG44,EGC11ERTJ,EG,0.3
2025-01-04T09:55:30.444Z,AM26,NAOBMYOFQE,NAO,1.1
2024-12-22T09:55:00.943Z,EG08,EGVWPVS7H,EG,1.8
2024-11-17T05:35:04.724Z,GE01,OO3KKV9RF,OO,74.5
2024-11-11T10:41:14.765Z,EG19,NOXFGCAQV,NO,4.9
2024-11-29T02:23:10.054Z,NO31,EGVWPVS7H,EG,0.75
2024-12-21T14:58:23.052Z,MO07,OOZSJ49IT,OO,3.15
2024-11-06T05:56:08.095Z,AM02,GE5A0L725,GE,8.3
2024-12-29T08:12:33.861Z,AM08,NAOURTP0LZ,NAO,8.6
2024-10-30T05:34:25.031Z,OO27,KOJDP0LVS,KO,3.3
2024-12-19T21:24:14.999Z,MO10,OOZSJ49IT,OO,1.9
2024-11-29T20:31:49.154Z,NAO25,NAOLY8OZCY,NAO,6.25
2024-10-29T12:34:47.234Z,AM11,OO1B0Z3NX,OO,0.6
2024-10-15T00:14:16.704Z,AM16,NAOHAFEYUH,NAO,1.5
2024-12-06T00:48:43.544Z,EG40,NOQLL8OS9,NO,2.8
2024-12-02T14:24:56.376Z,MO18,NO7PTX63C,NO,2.05
2025-01-02T01:16:52.644Z,EG45,AMHJ7XVG0,AM,0.2
2024-11-21T08:14:28.488Z,NO13,EGVWPVS7H,EG,14.6
2024-10-21T06:32:24.359Z,NAO30,EGRHOCN9J,EG,6.25
2024-12-19T02:16:43.309Z,NO07,NAO5ZJA8DZ,NAO,12.55
2024-11-09T09:45:32.353Z,MO10,GEX7EEDTJ,GE,2.7
2024-11-02T14:01:24.786Z,NO07,MOV86WZS3,MO,3.55
2024-12-22T03:29:33.904Z,NAO03,EGRHOCN9J,EG,2.5
2025-01-03T07:15:24.005Z,EG31,EGUT0CVS4,EG,4.9
2024-11-23T03:20:09.023Z,EG45,EGC11ERTJ,EG,0.8
2024-12-20T17:51:23.061Z,NO28,EGRHOCN9J,EG,5.8
2024-11-28T11:53:12.909Z,KO17,KOWM31YIH,KO,0.8
2024-12-16T15:18:16.006Z,KO05,NORCBPLJD,NO,6.75
2024-12-31T07:28:23.971Z,NAO24,OO7PZE9VI,OO,6.25
2024-11-27T23:47:29.352Z,KO26,NAOVZ41NAM,NAO,0.5
2024-12-20T03:29:56.255Z,NAO38,NO7PTX63C,NO,2.5
2024-12-19T16:44:12.524Z,EG22,OOQ0OXFQ8,OO,1.1
2024-11-07T05:30:23.134Z,NO22,AMNT3W5UZ,AM,2.9
2024-10-17T00:02:24.305Z,OO19,GE2IAGL58,GE,2.6
2024-11-08T16:23:40.589Z,NAO41,OOQ0OXFQ8,OO,6.25
2024-12-15T16:24:49.034Z,EG63,KOJDP0LVS,KO,1.4
2024-11-07T21:52:36.102Z,NAO23,AMH9SDBDW,AM,2.5
2024-12-10T05:50:06.428Z,EG59,AMV3A3ZMF,AM,1.1
2024-12-05T20:24:16.886Z,MO03,EGUT0CVS4,EG,5.25
2024-12-12T15:56:20.633Z,KO10,KOJDP0LVS,KO,2.05
2024-10-22T13:32:04.556Z,EG65,NAOVZ41NAM,NAO,1.8
2024-10-18T20:39:31.367Z,EG39,EGUT0CVS4,EG,2.8
2024-10-11T15:24:00.386Z,AM10,GE2IAGL58,GE,9.4
2024-11-11T18:37:51.807Z,EG45,GEL6246HI,GE,0.3
2024-10-11T09:24:07.745Z,KO13,KOWM31YIH,KO,2.85
2024-11-01T15:02:22.490Z,KO23,NAOHAFEYUH,NAO,1.3
2024-12-17T11:00:00.326Z,EG36,KOJDP0LVS,KO,1
2024-12-19T04:26:36.037Z,KO19,NOXFGCAQV,NO,1.3
2025-01-05T18:24:06.060Z,OO23,NAO5UQPGB7,NAO,5.1
2024-11-08T00:40:48.882Z,EG09,NAOBMYOFQE,NAO,0.6
2024-10-11T02:57:13.808Z,AM05,OO1B0Z3NX,OO,3.6
2024-10-29T12:53:07.241Z,MO17,AMH9SDBDW,AM,2.9
2025-01-02T23:40:13.213Z,EG31,KOIXA11DP,KO,1.4
2024-10-08T21:54:04.933Z,EG10,MOV86WZS3,MO,2.3
2024-11-30T18:41:46.144Z,AM11,NAONSM43D8,NAO,0.4
2024-10-17T02:00:33.265Z,MO05,GEJA1WJ0T,GE,1.8
2024-12-19T04:43:11.666Z,KO06,EGSEIMVIH,EG,4.8
2024-12-24T17:10:02.308Z,OO04,NAONSM43D8,NAO,6.2
2024-11-23T16:23:19.218Z,NO23,NOE1V2ISQ,NO,2.15
2025-01-03T04:24:59.789Z,NO21,NAOHL1N13J,NAO,0.8
2024-11-14T06:46:24.038Z,KO24,EGUT0CVS4,EG,0.9
2024-11-19T05:45:26.516Z,NAO02,AMXAJI0Y6,AM,10
2024-11-03T06:40:13.700Z,NAO18,AMXAJI0Y6,AM,10
2024-12-09T08:50:32.247Z,NO25,NAOHAFEYUH,NAO,5.4
2025-01-04T13:06:15.544Z,EG46,EGYTJXEPQ,EG,1.1
2024-11-07T14:20:22.314Z,NAO07,KOWKTAKPU,KO,6.25
2024-11-03T05:38:44.337Z,MO15,NOE1V2ISQ,NO,1.3
2024-11-30T13:18:23.443Z,EG74,GEJA1WJ0T,GE,0.7
2024-11-02T18:33:43.959Z,EG68,KOWKTAKPU,KO,0.2
2024-11-16T00:28:35.464Z,NAO31,NAOHL1N13J,NAO,1.25
2024-12-14T21:21:37.800Z,NO10,NAO09SKDGI,NAO,10.5
2024-12-29T00:27:42.248Z,MO06,EGRHOCN9J,EG,2.6
2024-12-17T17:12:05.364Z,NAO12,GEL6246HI,GE,10
2024-12-29T21:57:19.317Z,EG19,NAO09SKDGI,NAO,1
2024-10-31T06:24:34.446Z,EG59,EGRHOCN9J,EG,0.3
2024-11-21T20:00:54.687Z,EG11,NAOHL1N13J,NAO,1
2024-12-30T12:23:20.298Z,OO22,NOQLL8OS9,NO,0.4
2024-12-30T02:07:42.985Z,NAO20,NAOHAFEYUH,NAO,1.25
2024-11-02T10:46:29.217Z,EG67,EGIGQPKI7,EG,0.2
2024-11-02T03:16:13.527Z,EG46,NORCBPLJD,NO,0.8
2024-10-19T15:36:54.089Z,MO18,AMLJH75LX,AM,0.8
2024-12-26T04:17:21.557Z,EG60,MOV86WZS3,MO,0.9
2024-12-23T09:32:20.215Z,NAO28,EGRHOCN9J,EG,2.5
2024-12-27T02:42:44.530Z,KO13,GE2IAGL58,GE,1.15
2024-11-13T18:06:50.360Z,EG30,NOQLL8OS9,NO,1.5
2024-11-15T04:59:01.599Z,OO07,GEX7EEDTJ,GE,6.9
2024-10-28T00:52:17.361Z,OO12,NAOHL1N13J,NAO,5.5
2024-11-29T11:38:56.445Z,AM14,OOZSJ49IT,OO,0.7
2024-10-30T17:09:35.501Z,NO14,EGYTJXEPQ,EG,4.15
2024-11-06T00:38:33.999Z,EG36,NAOBMYOFQE,NAO,0.7
2024-12-05T16:43:47.685Z,NAO19,NAOHL1N13J,NAO,6.25
2024-11-06T02:56:13.736Z,OO26,KONCXLL4Z,KO,0.8
2024-12-21T06:22:15.639Z,EG74,EGF1T2TAL,EG,2.5
2024-11-15T07:02:47.152Z,AM10,EGSEIMVIH,EG,13.1
2024-10-29T10:30:15.755Z,MO07,OO7PZE9VI,OO,7.9
2024-12-15T23:27:02.501Z,AM24,MOV86WZS3,MO,0.8
2024-12-25T04:36:49.747Z,EG73,KOJDP0LVS,KO,0.2
2024-11-02T11:41:31.534Z,NO23,EG9CHJ755,EG,2.15
2025-01-06T06:30:58.389Z,EG65,AMXAJI0Y6,AM,2.5
2024-11-22T17:51:06.026Z,NAO02,AMV3A3ZMF,AM,1.25
2024-11-04T04:35:33.678Z,KO18,KOJDP0LVS,KO,0.8
2024-12-01T13:23:36.772Z,NO04,KONCXLL4Z,KO,2.25
2024-11-06T17:06:01.469Z,MO15,NAONSM43D8,NAO,0.3
2024-12-17T18:38:04.411Z,EG45,NAOVZ41NAM,NAO,1.1
2024-10-20T01:52:14.083Z,EG25,NAO5UQPGB7,NAO,6.3
2024-11-24T06:03:30.103Z,AM08,AMNT3W5UZ,AM,2.8
2024-11-15T01:44:09.138Z,AM29,GE2IAGL58,GE,6.9
2024-12-21T16:00:38.401Z,OO15,GE5A0L725,GE,1.3
2024-12-08T13:23:26.208Z,EG63,EG9CHJ755,EG,0.3
2024-10-22T21:19:28.764Z,KO23,EGSEIMVIH,EG,0.9
2024-10-22T09:16:57.128Z,EG60,NO7PTX63C,NO,0.9
2024-11-25T10:15:41.572Z,MO04,GE5A0L725,GE,2.1
2024-10-12T05:44:46.012Z,AM11,NAONSM43D8,NAO,2.7
2024-10-08T20:09:14.260Z,NAO02,OO7PZE9VI,OO,1.25
2024-11-30T21:42:20.605Z,KO16,AMNT3W5UZ,AM,0.9
2024-10-10T06:39:15.983Z,NO24,NAO5ZJA8DZ,NAO,7.6
2024-12-18T21:15:31.473Z,NAO29,EGUT0CVS4,EG,2.5
2024-11-05T15:53:45.745Z,OO11,NOQLL8OS9,NO,1.1
2024-10-25T16:51:33.473Z,OO06,AMLJH75LX,AM,8.9
2024-10-30T10:09:10.770Z,EG65,OO3KKV9RF,OO,1.8
2024-11-19T12:47:04.546Z,MO16,AMH9SDBDW,AM,0.3
2025-01-06T07:48:15.574Z,KO24,EGIGQPKI7,EG,0.9
2024-11-15T00:13:25.550Z,EG66,EGIGQPKI7,EG,1.1
2024-12-08T17:38:58.159Z,OO18,EGUT0CVS4,EG,1.3
2024-12-18T22:18:01.725Z,NAO19,NAOBMYOFQE,NAO,10
2024-12-23T07:23:26.308Z,EG34,MOV86WZS3,MO,1.4
2024-11-28T12:29:26.391Z,OO01,EGF1T2TAL,EG,8.1
2024-12-06T05:51:24.570Z,NO12,EG9CHJ755,EG,3.35
2025-01-04T12:16:02.302Z,AM20,OO3KKV9RF,OO,4.5
2024-12-11T03:43:35.362Z,EG08,MOJCKJLTE,MO,1.8
2024-10-20T14:39:40.484Z,EG71,AMXAJI0Y6,AM,0.4
2024-10-08T09:11:25.044Z,AM08,NAOHL1N13J,NAO,12
2024-12-16T21:02:18.197Z,OO02,EGC11ERTJ,EG,1.6
2025-01-03T08:23:44.399Z,NAO34,AMHJ7XVG0,AM,2.5
2024-11-09T08:43:12.577Z,NAO27,EGYTJXEPQ,EG,1.25
2024-12-10T20:54:47.157Z,EG18,EGC11ERTJ,EG,2.1
2025-01-02T20:13:18.607Z,OO20,NO7PTX63C,NO,2.6
2024-10-09T05:39:23.364Z,EG17,GEL6246HI,GE,5.3
2024-10-17T23:13:54.865Z,MO10,MOJCKJLTE,MO,9.6
2024-12-25T19:08:47.970Z,EG74,EGVWPVS7H,EG,1
2024-10-18T09:16:14.110Z,EG25,MOJCKJLTE,MO,4.5
2024-11-07T18:26:06.365Z,MO09,NAOHAFEYUH,NAO,2.7
2024-10-17T05:12:36.925Z,EG65,MOJCKJLTE,MO,0.5
2024-12-07T19:10:59.779Z,NO06,GEX7EEDTJ,GE,2.3
2024-11-12T16:59:37.904Z,NAO09,EGF1T2TAL,EG,6.25
2024-11-11T19:35:48.655Z,OO02,NORCBPLJD,NO,8.1
2024-12-13T11:27:25.112Z,AM01,EG9CHJ755,EG,2
2024-10-14T11:16:45.110Z,NAO07,EGRHOCN9J,EG,1.25
2024-12-23T20:53:59.570Z,EG74,EGUT0CVS4,EG,2.5
2024-11-14T11:16:57.073Z,NAO02,MOV86WZS3,MO,6.25
2025-01-05T04:46:43.002Z,MO14,AMNT3W5UZ,AM,0.8
2024-12-21T05:19:06.469Z,AM22,OO1B0Z3NX,OO,3.3
2024-12-06T04:46:19.035Z,EG63,EGUT0CVS4,EG,0.4
2024-12-27T12:13:54.345Z,KO06,OO1B0Z3NX,OO,4.8
2024-11-11T23:51:15.485Z,AM11,NOE1V2ISQ,NO,0.4
2024-12-29T10:10:37.310Z,NAO10,EGYTJXEPQ,EG,10
2024-11-04T07:41:50.633Z,NO05,EGIGQPKI7,EG,2.3
2024-12-03T04:15:01.869Z,EG61,AMHJ7XVG0,AM,4.6
2024-11-08T20:25:54.127Z,NO17,OO3KKV9RF,OO,1.35
2024-10-31T21:29:29.549Z,EG37,GEJA1WJ0T,GE,4.9
2024-12-10T14:30:19.992Z,AM28,NORCBPLJD,NO,2.5
2024-12-25T03:09:50.234Z,OO04,OOQ0OXFQ8,OO,2.4
2024-11-21T09:57:11.349Z,EG08,NAOBMYOFQE,NAO,6.3
2024-12-31T12:10:09.135Z,AM24,AMLJH75LX,AM,3.3
2024-11-15T12:37:34.356Z,AM16,NAOURTP0LZ,NAO,1.5
2024-10-11T21:55:22.143Z,KO25,EGC11ERTJ,EG,2.5
2024-11-20T13:34:08.431Z,KO06,AMHJ7XVG0,AM,6.75
2024-10-15T00:01:57.944Z,MO17,EGC11ERTJ,EG,0.8
2024-11-24T12:37:48.691Z,NO06,NAOHAFEYUH,NAO,3.25
2024-11-10T03:04:21.130Z,NAO14,KOWKTAKPU,KO,10
2024-12-04T17:56:17.495Z,EG48,EGVWPVS7H,EG,0.6
2024-11-15T15:51:23.716Z,NAO08,NAOBMYOFQE,NAO,10
2024-10-16T15:38:08.376Z,EG23,GEL6246HI,GE,1
2024-11-22T22:03:29.835Z,EG68,OO1B0Z3NX,OO,1.1
2024-12-10T09:09:55.550Z,NAO16,OOZSJ49IT,OO,1.25
2024-12-11T07:43:11.543Z,EG02,NAOBMYOFQE,NAO,10.5
2024-12-27T03:29:49.691Z,OO27,EGUT0CVS4,EG,0.6
2024-11-18T21:58:11.479Z,EG52,KONCXLL4Z,KO,0.8
2024-12-29T03:53:19.659Z,NAO18,NOX6GVWRD,NO,10
2024-12-07T00:34:51.195Z,NO01,NOX6GVWRD,NO,3.85
2024-11-08T03:54:47.309Z,MO10,NAO5UQPGB7,NAO,6.85
2024-12-29T16:44:16.579Z,EG29,AMHJ7XVG0,AM,3.8
2024-10-09T19:24:11.011Z,AM18,NAOURTP0LZ,NAO,5
2024-11-05T22:52:49.570Z,NO04,EG7UR23GD,EG,3.25
2024-12-07T11:53:01.893Z,EG59,OOQ0OXFQ8,OO,0.2
2024-11-03T22:53:55.743Z,NO19,GE5A0L725,GE,1.75
2024-12-20T14:12:08.263Z,EG49,EGUT0CVS4,EG,0.9
2024-12-11T15:48:10.399Z,EG74,MOV86WZS3,MO,1
2024-12-28T23:42:18.661Z,EG10,EGVWPVS7H,EG,0.9
2024-12-24T23:28:02.226Z,OO18,GEL6246HI,GE,1.3
2024-12-26T07:02:48.157Z,NAO39,OO7PZE9VI,OO,10
2024-11-01T10:56:31.085Z,EG72,NAOBMYOFQE,NAO,1.1
2024-11-08T03:20:47.840Z,NAO38,NAONSM43D8,NAO,1.25
2024-12-12T00:02:21.738Z,EG46,EG7UR23GD,EG,0.8
2024-12-28T12:52:17.470Z,GE01,NAOVZ41NAM,NAO,74.5
2024-11-05T06:24:40.214Z,AM17,GEL6246HI,GE,0.7
2024-12-20T23:12:41.908Z,KO18,OO3KKV9RF,OO,2.9
2024-11-30T21:32:01.981Z,OO16,MOV86WZS3,MO,6.6
2024-12-13T03:15:26.071Z,NO03,EG7UR23GD,EG,3.25
2024-12-31T03:42:09.510Z,MO08,KOWKTAKPU,KO,11.1
2024-11-25T23:38:16.984Z,EG33,NO7PTX63C,NO,5
2024-12-09T16:42:53.930Z,AM20,KOIXA11DP,KO,1
2024-10-10T00:51:35.634Z,NO20,GEJA1WJ0T,GE,6.25
2024-11-08T09:34:48.343Z,EG53,GEL6246HI,GE,0.2
2024-12-19T02:59:03.442Z,NAO09,NAO5ZJA8DZ,NAO,6.25
2025-01-03T19:22:22.623Z,NAO23,GE5A0L725,GE,10
2024-11-12T15:29:49.864Z,MO01,NOXFGCAQV,NO,4.8
2024-10-19T06:06:01.964Z,NO08,NAOHL1N13J,NAO,12.55
2024-11-10T13:05:04.830Z,EG12,MOJCKJLTE,MO,1.5
2025-01-03T00:31:10.999Z,NAO25,GEX7EEDTJ,GE,6.25
2024-12-24T12:21:57.738Z,NAO13,OO1B0Z3NX,OO,2.5
2024-10-28T13:29:27.308Z,NO24,NOXFGCAQV,NO,5.4
2024-12-02T03:25:47.877Z,GE01,AMNT3W5UZ,AM,74.5
2024-11-28T00:29:55.397Z,OO23,NAO5UQPGB7,NAO,3.6
2024-11-06T03:01:03.260Z,OO27,KOWM31YIH,KO,0.9
2024-12-21T00:59:57.572Z,EG43,NOQLL8OS9,NO,0.2
2024-10-25T16:31:02.355Z,AM06,EGIGQPKI7,EG,10.8
2024-12-21T05:41:23.732Z,NAO18,EGUT0CVS4,EG,2.5
2024-11-29T03:52:29.532Z,NAO03,EGRHOCN9J,EG,10
2024-12-06T22:46:13.262Z,NAO18,NAOLY8OZCY,NAO,6.25
2024-11-13T17:23:15.887Z,OO14,EG9CHJ755,EG,1
2024-11-04T08:47:55.121Z,NO01,EGYTJXEPQ,EG,2.7
2024-10-26T13:11:22.081Z,KO26,NAOURTP0LZ,NAO,0.7
2024-11-24T20:52:46.708Z,EG06,NAO5UQPGB7,NAO,6
2024-11-03T23:13:17.692Z,NAO09,NOX6GVWRD,NO,6.25
2024-10-31T09:17:31.444Z,EG05,EGRHOCN9J,EG,6
2024-12-19T22:21:56.430Z,GE01,NAOLY8OZCY,NAO,14.7
2024-12-06T07:51:49.889Z,EG24,OO3KKV9RF,OO,1
2024-12-02T12:52:14.263Z,AM23,EGVWPVS7H,EG,0.8
2024-12-14T06:44:11.954Z,EG12,EG7UR23GD,EG,1
2024-10-12T17:01:16.441Z,EG67,AMLJH75LX,AM,0.8
2024-12-07T09:17:30.344Z,EG22,GEJA1WJ0T,GE,1.6
2024-12-21T15:17:24.858Z,NO01,KOWM31YIH,KO,9.6
2024-11-09T21:40:03.857Z,KO19,GE2IAGL58,GE,4.6
2024-12-11T08:04:11.730Z,KO25,AMH9SDBDW,AM,0.5
2024-10-16T07:16:57.314Z,NO27,AMNT3W5UZ,AM,4.15
2024-12-30T17:08:24.602Z,NO21,GE2IAGL58,GE,2.1
2024-11-16T05:44:30.373Z,EG20,NOE1V2ISQ,NO,3.5
2025-01-03T16:46:25.768Z,NAO17,OOZSJ49IT,OO,1.25
2024-11-14T13:40:19.753Z,EG49,NAOP0J43D5,NAO,0.9
2024-12-13T03:42:29.773Z,EG62,NOE1V2ISQ,NO,0.3
2024-10-18T06:03:00.111Z,EG11,NAOP0J43D5,NAO,1.5
2024-12-23T15:41:56.399Z,NO01,AMNT3W5UZ,AM,9.6
2024-10-24T04:21:13.136Z,MO15,KOWKTAKPU,KO,0.3
2024-12-09T22:53:34.386Z,KO03,NOE1V2ISQ,NO,2.05
2024-12-16T09:37:57.762Z,NO23,KOWM31YIH,KO,1.5
2025-01-06T02:03:43.353Z,OO22,KOJDP0LVS,KO,0.6
2024-10-21T11:56:14.174Z,OO03,NOXFGCAQV,NO,6.2
2024-12-18T08:44:50.392Z,OO24,AMLJH75LX,AM,1.4
2025-01-05T19:11:19.856Z,OO13,NAOP0J43D5,NAO,3.5
2024-11-02T23:04:50.829Z,NO20,EGRHOCN9J,EG,1.25
2024-10-17T06:54:14.147Z,EG14,EG7UR23GD,EG,1.2
2024-11-23T00:41:36.306Z,NAO27,NAOBMYOFQE,NAO,2.5
2024-11-18T06:13:26.895Z,MO10,NAOLY8OZCY,NAO,9.6
2024-11-10T19:12:26.469Z,NO32,NAONSM43D8,NAO,2.75
2024-10-15T11:16:52.978Z,KO12,OO7PZE9VI,OO,5
2024-11-26T23:03:38.478Z,OO16,AMH9SDBDW,AM,1.3
2024-11-28T18:22:00.563Z,NO30,AMHJ7XVG0,AM,0.7
2024-10-19T02:31:13.658Z,EG31,EG9CHJ755,EG,1.4
2024-10-29T21:26:12.458Z,KO18,AMXAJI0Y6,AM,2.05
2024-12-10T07:34:38.147Z,KO19,NAONSM43D8,NAO,1.3
2024-10-14T05:51:05.397Z,AM14,GE2IAGL58,GE,1.1
2024-10-22T03:27:41.723Z,NO31,EGC11ERTJ,EG,3.9
2024-12-04T22:35:28.925Z,NO33,EGC11ERTJ,EG,2.35
2024-10-30T07:40:08.300Z,EG37,NAOLY8OZCY,NAO,3.5
2024-11-22T20:44:15.986Z,NAO19,NAO5ZJA8DZ,NAO,1.25
2024-11-23T11:08:34.867Z,AM03,EG7UR23GD,EG,2.2
2024-11-16T06:24:41.590Z,NAO19,NAOHL1N13J,NAO,6.25
2024-10-28T07:34:37.576Z,MO18,NAOURTP0LZ,NAO,2.9
2024-11-24T21:04:59.218Z,OO24,NO7PTX63C,NO,3.6
2024-11-04T18:56:15.430Z,AM09,EGYTJXEPQ,EG,2.2
2024-12-09T16:50:36.178Z,OO23,NORCBPLJD,NO,1.4
2024-12-27T07:25:08.661Z,KO26,GEJA1WJ0T,GE,0.7
2024-11-24T20:17:11.054Z,NO16,OO7PZE9VI,OO,8.1
2024-12-13T04:09:46.390Z,OO11,NOX6GVWRD,NO,5.5
2024-12-04T12:25:30.714Z,EG22,EGC11ERTJ,EG,4
2024-12-31T20:59:27.070Z,EG10,KOIXA11DP,KO,3.2
2025-01-02T15:35:02.041Z,EG14,OOQ0OXFQ8,OO,0.8
2025-01-04T00:53:04.301Z,AM27,NAO5UQPGB7,NAO,0.4
2024-11-19T07:31:51.851Z,KO24,NAO09SKDGI,NAO,0.25
2024-11-01T11:26:25.552Z,EG52,AMHJ7XVG0,AM,1.1
2024-12-31T20:19:34.518Z,NO12,GEX7EEDTJ,GE,3.35
2024-12-18T22:32:37.803Z,MO03,NAOP0J43D5,NAO,7.4
2024-10-13T02:46:48.760Z,NO27,EGUT0CVS4,EG,5.8
2024-11-05T20:09:42.673Z,EG54,NOXFGCAQV,NO,0.6
2024-12-13T17:20:08.765Z,NO10,AMNT3W5UZ,AM,14.7
2024-10-29T10:41:42.108Z,EG03,GE5A0L725,GE,3
2024-11-13T06:38:08.657Z,MO09,EG7UR23GD,EG,6.85
2024-11-06T12:20:54.849Z,KO05,NAOBMYOFQE,NAO,1.9
2024-10-24T09:26:52.486Z,NO06,AMLJH75LX,AM,3.25
2024-10-21T00:19:06.710Z,NAO09,NAO5UQPGB7,NAO,6.25
2024-10-29T11:50:27.731Z,OO07,NAOBMYOFQE,NAO,6.9
2024-10-14T11:14:29.430Z,AM06,NAO5ZJA8DZ,NAO,3.6
2024-12-25T08:13:18.605Z,EG22,EG9CHJ755,EG,1.1
2024-12-01T20:12:11.695Z,NAO05,GE2IAGL58,GE,1.25
2024-12-11T11:40:32.202Z,EG03,NAONSM43D8,NAO,1.2
2024-11-05T07:35:39.755Z,NAO10,EGYTJXEPQ,EG,1.25
2024-10-10T22:44:21.120Z,AM14,NAONSM43D8,NAO,4.5
2025-01-01T14:32:08.811Z,OO27,GE5A0L725,GE,2.4
2024-10-16T16:41:28.252Z,KO18,OO1B0Z3NX,OO,0.8
2024-10-31T05:14:04.416Z,NO26,EGIGQPKI7,EG,1.55
2024-12-09T11:35:36.930Z,AM30,AMV3A3ZMF,AM,9.6
2024-12-11T08:36:17.711Z,OO04,NAOLY8OZCY,NAO,6.2
2024-10-13T04:57:43.942Z,AM23,OOQ0OXFQ8,OO,0.8
2024-12-19T11:07:52.408Z,NAO38,NAONSM43D8,NAO,1.25
2024-12-26T05:35:18.327Z,KO06,GE2IAGL58,GE,1.35
2024-10-08T15:13:33.469Z,NO26,EGIGQPKI7,EG,3.85
2024-11-04T15:29:01.001Z,OO16,KOWM31YIH,KO,4.7
2024-10-31T02:38:14.874Z,EG19,AMNT3W5UZ,AM,1
2024-11-02T14:58:05.891Z,EG02,KONCXLL4Z,KO,10.5
2024-11-23T14:00:00.786Z,KO03,GEL6246HI,GE,2.05
2024-12-04T12:10:01.356Z,EG37,NORCBPLJD,NO,1.4
2024-12-23T21:38:34.437Z,KO03,OO3KKV9RF,OO,7.45
2024-12-02T23:15:52.851Z,EG13,AMXAJI0Y6,AM,3
2024-11-16T05:07:14.390Z,GE01,NO7PTX63C,NO,2
2024-12-04T18:54:27.937Z,KO05,KOIXA11DP,KO,6.75
2024-12-01T23:20:34.853Z,OO02,OO7PZE9VI,OO,8.1
2025-01-03T05:36:19.567Z,EG11,NAO5UQPGB7,NAO,1
2024-10-14T11:35:28.249Z,AM12,OOZSJ49IT,OO,0.6
2024-10-20T07:27:42.487Z,NO08,NAOVZ41NAM,NAO,8.95
2024-11-20T07:34:51.822Z,EG34,OOZSJ49IT,OO,1.4
2024-12-25T02:56:28.577Z,MO01,AMV3A3ZMF,AM,4.8
2024-10-10T00:20:33.995Z,KO23,EGSEIMVIH,EG,0.25
2024-11-28T15:33:35.766Z,EG42,EG7UR23GD,EG,2.1
2024-11-19T03:48:52.653Z,NAO02,KOWKTAKPU,KO,1.25
2024-11-08T17:54:32.295Z,EG56,KOJDP0LVS,KO,2.8
2024-11-03T00:12:10.149Z,EG01,AMV3A3ZMF,AM,7.5
2024-12-24T23:13:45.666Z,EG56,EGF1T2TAL,EG,0.6
2024-12-04T08:50:46.396Z,OO02,GEL6246HI,GE,1.6
2024-12-03T06:44:11.920Z,EG34,GEX7EEDTJ,GE,1.4
2024-10-10T23:07:25.283Z,AM17,AMV3A3ZMF,AM,3
2024-10-29T05:15:17.681Z,EG09,AMNT3W5UZ,AM,0.6
2024-12-13T20:46:12.515Z,EG20,NAOVZ41NAM,NAO,4.9
2024-12-18T22:49:37.096Z,OO09,OO7PZE9VI,OO,2.5
2024-10-16T12:47:13.332Z,NO26,EGSEIMVIH,EG,5.4
2024-11-06T01:58:47.633Z,AM09,GEJA1WJ0T,GE,9.4
2024-10-14T17:07:43.680Z,MO08,EGYTJXEPQ,EG,7.9
2024-11-22T07:23:50.971Z,KO14,NOE1V2ISQ,NO,2.85
2024-11-13T08:23:48.749Z,KO21,KOWM31YIH,KO,0.45
2024-12-31T19:31:12.559Z,MO17,EG7UR23GD,EG,2.05
2024-12-10T07:31:33.021Z,MO04,NAOP0J43D5,NAO,7.4
2024-12-30T23:05:40.404Z,EG71,EG7UR23GD,EG,1.8
2024-10-27T15:37:01.107Z,KO18,KOWKTAKPU,KO,2.05
2024-12-09T04:41:35.238Z,EG20,EG9CHJ755,EG,1
2024-10-08T12:31:04.241Z,KO15,NAO5UQPGB7,NAO,3.15
2024-11-02T13:53:01.091Z,EG66,EGYTJXEPQ,EG,0.3
2024-12-25T05:53:23.443Z,EG65,NAOBMYOFQE,NAO,0.5
2024-12-14T01:27:44.505Z,EG48,EGRHOCN9J,EG,2.3
2024-11-04T09:19:01.179Z,OO12,AMHJ7XVG0,AM,3.9
2024-11-28T12:59:49.216Z,KO16,EGIGQPKI7,EG,0.6
2024-11-05T19:21:14.315Z,NO22,GE5A0L725,GE,0.55
2024-10-30T00:26:26.204Z,NO18,KOWM31YIH,KO,4.8
2024-11-07T12:38:29.736Z,NAO36,NAOLY8OZCY,NAO,1.25
2024-12-28T17:55:45.064Z,NO22,KOJDP0LVS,KO,0.55
2024-11-30T09:32:30.956Z,AM01,NAOBMYOFQE,NAO,8.3
2024-11-03T17:40:30.958Z,AM12,EGVWPVS7H,EG,0.6
2024-11-16T19:52:51.812Z,NO13,GEL6246HI,GE,4.15
2024-11-11T14:39:24.308Z,NAO30,EGSEIMVIH,EG,2.5
2024-10-20T11:22:20.492Z,KO03,KOJDP0LVS,KO,2.95
2024-12-20T07:37:38.497Z,EG05,KOIXA11DP,KO,6
2025-01-03T17:59:49.868Z,AM21,AMH9SDBDW,AM,1.5
2024-11-24T21:59:41.343Z,KO10,MOV86WZS3,MO,2.05
2024-11-10T21:27:56.455Z,AM08,OO7PZE9VI,OO,2.8
2024-11-16T17:47:37.194Z,KO13,KONCXLL4Z,KO,1.15
2024-11-25T16:06:00.592Z,EG22,KOWKTAKPU,KO,4
2024-12-08T12:05:14.504Z,NO24,GEL6246HI,GE,5.4
2024-10-21T08:16:35.661Z,OO01,AMV3A3ZMF,AM,2.3
2024-12-19T13:50:14.762Z,NO07,OOZSJ49IT,OO,3.55
2024-11-30T03:53:14.808Z,NAO15,EGVWPVS7H,EG,2.5
2024-11-22T14:25:19.659Z,EG25,EG9CHJ755,EG,1.3
2025-01-03T01:59:46.848Z,MO03,NOE1V2ISQ,NO,5.25
2024-12-29T17:41:46.022Z,KO13,AMXAJI0Y6,AM,2.85
2024-11-20T21:56:01.006Z,NO19,NAO5ZJA8DZ,NAO,1.75
2024-10-21T14:33:25.185Z,OO13,NAOHL1N13J,NAO,3.5
2024-12-29T22:47:30.097Z,NAO28,GEJA1WJ0T,GE,1.25
2024-12-28T17:06:18.195Z,AM27,NAOVZ41NAM,NAO,0.4
2024-10-23T03:18:33.585Z,NO20,NAOLY8OZCY,NAO,1.25
2024-10-27T06:32:48.233Z,NAO16,EG7UR23GD,EG,2.5
2024-11-01T19:24:21.376Z,NAO33,OO1B0Z3NX,OO,6.25
2024-12-10T07:04:17.326Z,NO25,EGYTJXEPQ,EG,5.4
2024-12-03T18:03:45.520Z,EG36,AMLJH75LX,AM,1
2024-10-20T17:44:58.395Z,AM13,AMHJ7XVG0,AM,1.1
2024-12-17T01:16:59.071Z,KO09,NORCBPLJD,NO,7.25
2024-10-24T13:11:19.864Z,OO01,AMV3A3ZMF,AM,1.6
2024-12-20T13:28:15.742Z,EG45,NOE1V2ISQ,NO,0.8
2025-01-04T07:50:35.775Z,KO06,KONCXLL4Z,KO,4.8
2024-11-11T16:44:59.209Z,AM26,EG9CHJ755,EG,4.9
2024-12-28T19:06:51.314Z,NO04,NO7PTX63C,NO,2.25
2024-10-16T03:45:12.530Z,EG19,NAO5UQPGB7,NAO,1.4
2024-11-29T10:00:30.582Z,AM26,GE5A0L725,GE,1.1
2024-10-13T18:51:05.099Z,NAO39,NAONSM43D8,NAO,2.5
2024-11-27T23:14:02.659Z,AM01,GEL6246HI,GE,2
2024-10-13T04:38:06.116Z,NAO32,NAOP0J43D5,NAO,10
2024-12-10T04:18:22.621Z,AM24,OO1B0Z3NX,OO,3.3
2024-11-01T15:27:59.630Z,KO25,GEX7EEDTJ,GE,0.7
2024-12-13T07:10:06.100Z,OO25,EGSEIMVIH,EG,2.9
2024-11-24T13:05:42.965Z,AM10,NAOHAFEYUH,NAO,9.4
2024-12-25T06:38:07.777Z,NAO05,NAO5UQPGB7,NAO,1.25
2024-10-13T05:58:31.405Z,NAO09,OO7PZE9VI,OO,6.25
2024-10-08T16:44:39.729Z,MO04,GE2IAGL58,GE,2.1
2024-12-06T23:36:31.774Z,EG56,OO3KKV9RF,OO,2.8
2025-01-05T15:19:56.494Z,OO19,NAOLY8OZCY,NAO,1.8
2024-12-03T18:56:34.917Z,AM07,AMH9SDBDW,AM,2
2024-12-29T20:01:40.362Z,EG49,GEL6246HI,GE,2.3
2024-11-22T21:30:35.532Z,NAO38,NAOURTP0LZ,NAO,10
2024-10-17T08:33:05.940Z,EG23,EGUT0CVS4,EG,4.9
2024-10-10T11:09:43.177Z,KO20,NORCBPLJD,NO,3.3
2024-11-18T21:19:38.318Z,EG43,GEX7EEDTJ,GE,0.2
2024-11-25T17:27:00.379Z,OO18,OO7PZE9VI,OO,1.3
2024-11-11T00:41:45.091Z,AM11,KONCXLL4Z,KO,2.7
2024-10-14T02:57:41.436Z,OO19,NAOBMYOFQE,NAO,9.1
2024-12-21T00:02:50.082Z,NO02,EGYTJXEPQ,EG,9.6
2024-11-28T16:54:46.460Z,KO06,MOJCKJLTE,MO,1.35
2024-11-20T15:27:51.922Z,EG22,NO7PTX63C,NO,1.6
2024-12-25T21:16:19.394Z,EG66,EGUT0CVS4,EG,0.3
2024-11-01T07:40:36.451Z,AM09,EGIGQPKI7,EG,13.1
2024-10-30T18:11:46.853Z,EG21,GEX7EEDTJ,GE,1.1
2024-11-29T10:22:17.899Z,EG39,KOWM31YIH,KO,0.8
2024-11-25T01:07:30.585Z,NO34,MOV86WZS3,MO,8.35
2024-12-25T11:24:07.205Z,EG42,GEX7EEDTJ,GE,0.6
2024-11-30T12:48:49.910Z,EG50,EGUT0CVS4,EG,0.4
2024-12-28T01:00:20.562Z,NO22,NAOURTP0LZ,NAO,2.9
2024-11-06T11:04:14.155Z,NO27,MOJCKJLTE,MO,5.8
2024-10-16T01:17:58.481Z,NO22,GE2IAGL58,GE,2.9
2024-11-14T14:12:41.074Z,OO19,GEL6246HI,GE,1.8
2024-11-18T15:15:31.364Z,EG74,NAOURTP0LZ,NAO,2.5
2024-12-05T00:12:48.412Z,EG43,NAOHAFEYUH,NAO,1.1
2024-11-05T06:08:12.854Z,EG10,NAOBMYOFQE,NAO,2.3
2024-10-19T12:13:19.008Z,KO10,NAOHAFEYUH,NAO,1.45
2024-12-24T14:30:24.452Z,NAO37,NAO5UQPGB7,NAO,6.25
2024-12-18T06:46:39.422Z,NAO38,OO1B0Z3NX,OO,1.25
2024-11-21T07:22:36.859Z,NAO20,NAOHL1N13J,NAO,2.5
2024-10-18T12:07:16.575Z,AM06,EGF1T2TAL,EG,2.5
2024-11-29T18:23:58.014Z,AM16,NAOP0J43D5,NAO,2.1
2024-12-06T16:19:09.878Z,KO24,KOWM31YIH,KO,0.35
2025-01-03T23:13:33.909Z,OO23,OOQ0OXFQ8,OO,1
2024-10-18T19:21:26.011Z,NAO36,GEJA1WJ0T,GE,2.5
2024-12-15T07:57:36.887Z,OO01,OOQ0OXFQ8,OO,1.6
2024-11-07T18:58:25.878Z,MO15,OOQ0OXFQ8,OO,1.3
2024-11-09T20:42:34.020Z,NAO27,NAOBMYOFQE,NAO,6.25
2024-12-29T19:27:03.893Z,KO18,OO7PZE9VI,OO,0.55
2025-01-05T01:42:05.516Z,AM08,NAOHL1N13J,NAO,12
2024-11-11T09:56:11.803Z,NO27,AMHJ7XVG0,AM,1.15
2025-01-04T12:16:32.106Z,KO08,NORCBPLJD,NO,1.85
2024-10-08T11:53:25.377Z,NO02,NAOP0J43D5,NAO,13.5
2024-11-26T08:44:38.785Z,KO10,OOQ0OXFQ8,OO,2.05
2024-10-14T19:08:14.831Z,EG33,KONCXLL4Z,KO,5
2024-10-13T13:13:30.850Z,AM04,KOIXA11DP,KO,2.2
2024-12-02T18:17:36.017Z,NAO32,GEL6246HI,GE,6.25
2024-11-29T08:42:11.509Z,MO08,MOJCKJLTE,MO,11.1
2024-11-15T11:05:08.769Z,EG67,EG9CHJ755,EG,0.3
2024-11-18T14:33:43.777Z,MO02,NAO5UQPGB7,NAO,4.8
2024-11-14T11:48:59.555Z,EG55,GEL6246HI,GE,0.6
2024-12-04T17:07:14.469Z,NO07,GEX7EEDTJ,GE,8.95
2024-12-21T20:32:14.457Z,NO31,KOJDP0LVS,KO,1.1
2024-10-27T09:30:11.343Z,MO09,GE2IAGL58,GE,1.9
2024-11-11T12:31:27.025Z,NAO17,NOQLL8OS9,NO,6.25
2024-12-12T03:09:55.859Z,NO17,OOQ0OXFQ8,OO,1.35
2024-11-01T14:54:52.436Z,EG55,AMH9SDBDW,AM,1.5
2024-10-11T11:11:06.758Z,NO34,KOWKTAKPU,KO,11.75
2024-11-28T22:39:26.622Z,OO11,NAOLY8OZCY,NAO,1.1
2025-01-01T00:02:43.003Z,KO13,NAOHL1N13J,NAO,2.85
2024-11-06T21:09:19.018Z,AM29,AMV3A3ZMF,AM,1.6
2024-10-20T02:48:13.572Z,NO08,NAO5ZJA8DZ,NAO,12.55
2024-11-05T15:03:06.794Z,NAO06,AMNT3W5UZ,AM,6.25
2024-10-26T10:19:29.839Z,NAO31,EGIGQPKI7,EG,6.25
2024-10-14T07:13:46.491Z,KO19,MOJCKJLTE,MO,0.9
2024-10-16T09:06:26.525Z,AM14,OOZSJ49IT,OO,3.2
2025-01-02T19:19:14.491Z,NO29,AMLJH75LX,AM,1.8
2024-10-29T21:43:45.231Z,OO04,NOXFGCAQV,NO,8.7
2024-10-19T08:25:21.696Z,MO12,GE5A0L725,GE,1.4
2024-12-23T07:29:51.782Z,OO08,NO7PTX63C,NO,1.3
2024-10-11T10:59:37.334Z,NO16,NOE1V2ISQ,NO,2.3
2024-11-22T01:58:17.219Z,MO15,EGRHOCN9J,EG,1.3
2024-11-04T11:56:36.067Z,MO02,NAOBMYOFQE,NAO,3.4
2024-12-07T02:02:04.415Z,EG51,OOQ0OXFQ8,OO,1.4
2024-12-11T17:47:25.221Z,EG57,GEX7EEDTJ,GE,2.8
2024-12-17T18:21:07.346Z,EG38,OO1B0Z3NX,OO,1.4
2024-11-28T20:51:57.794Z,AM02,EGUT0CVS4,EG,1.4
2024-10-20T05:01:48.501Z,MO10,NAOURTP0LZ,NAO,2.7
2024-12-21T10:47:31.074Z,AM24,NAONSM43D8,NAO,0.8
2024-11-24T19:02:31.193Z,EG19,OOQ0OXFQ8,OO,4.9
2024-12-18T07:15:18.866Z,NO12,NAO5ZJA8DZ,NAO,11.85
2024-11-16T13:58:16.031Z,NO23,MOV86WZS3,MO,5.4
2024-10-14T21:38:15.112Z,EG62,MOJCKJLTE,MO,0.3
2024-12-26T18:43:40.970Z,NO08,EG9CHJ755,EG,2.5
2024-11-26T19:43:40.233Z,OO02,NORCBPLJD,NO,1.6
2024-10-30T18:13:24.975Z,EG37,EGYTJXEPQ,EG,3.5
2024-11-13T23:23:53.191Z,EG70,NO7PTX63C,NO,0.5
2024-10-27T11:49:52.541Z,NO17,NAO5UQPGB7,NAO,0.95
2024-10-08T19:54:44.170Z,NAO40,NAOLY8OZCY,NAO,1.25
2024-10-16T14:18:02.955Z,KO12,MOJCKJLTE,MO,1.4
2024-11-13T22:02:28.724Z,OO14,GE5A0L725,GE,2.5
2024-11-11T18:59:12.463Z,NAO12,EG7UR23GD,EG,2.5
2024-11-16T03:22:33.318Z,EG58,NO7PTX63C,NO,0.3
2024-12-28T16:23:02.353Z,NAO27,GE5A0L725,GE,2.5
2024-11-02T13:33:29.049Z,EG16,NAOURTP0LZ,NAO,0.8
2024-10-26T19:31:22.714Z,EG47,OO3KKV9RF,OO,0.2
2024-11-28T23:57:01.087Z,AM06,GEL6246HI,GE,2.5
2024-12-15T13:00:57.541Z,NAO30,OOQ0OXFQ8,OO,6.25
2024-12-17T19:54:18.968Z,KO20,EGUT0CVS4,EG,1.3
2024-11-28T11:20:34.851Z,OO04,NAOP0J43D5,NAO,6.2
2025-01-05T02:08:16.853Z,EG02,NOXFGCAQV,NO,3
2025-01-05T16:17:06.695Z,EG15,GEJA1WJ0T,GE,3
2024-11-03T09:50:54.184Z,NO14,NAONSM43D8,NAO,4.15
2024-12-26T07:14:40.363Z,OO28,NAOHL1N13J,NAO,0.9
2024-11-10T02:02:01.803Z,EG24,EGYTJXEPQ,EG,1.4
2024-11-16T06:01:48.409Z,NAO28,EGRHOCN9J,EG,10
2024-11-21T14:18:35.936Z,NAO05,EGSEIMVIH,EG,1.25
2024-11-09T07:13:01.045Z,EG18,NOQLL8OS9,NO,2.1
2024-12-13T01:19:53.435Z,EG39,EGRHOCN9J,EG,2.8
2024-11-05T07:00:01.666Z,OO13,KOWM31YIH,KO,0.7
2024-12-13T14:16:17.166Z,EG45,EGIGQPKI7,EG,0.3
2024-10-24T23:18:58.722Z,MO04,EGSEIMVIH,EG,2.1
2024-11-16T22:41:35.938Z,EG41,NAOURTP0LZ,NAO,1.5
2024-11-14T20:22:55.523Z,NAO32,EGSEIMVIH,EG,6.25
2024-11-07T14:28:30.971Z,NAO37,EGUT0CVS4,EG,6.25
2024-10-17T05:07:10.458Z,NAO41,NAOVZ41NAM,NAO,1.25
2024-12-09T03:49:03.082Z,EG01,KOJDP0LVS,KO,7.5
2024-11-18T05:08:38.625Z,EG63,EGVWPVS7H,EG,0.4
2024-12-13T01:42:20.278Z,AM17,AMV3A3ZMF,AM,4.2
2025-01-01T21:00:27.949Z,EG53,EGSEIMVIH,EG,0.3
2024-10-22T04:31:43.256Z,EG73,EGIGQPKI7,EG,0.2
2024-12-11T03:10:14.300Z,AM12,NAONSM43D8,NAO,2.7
2024-12-20T00:31:39.917Z,AM21,NAOLY8OZCY,NAO,4.5
2024-11-30T14:44:16.996Z,NAO05,AMHJ7XVG0,AM,2.5
2024-10-24T21:55:04.774Z,KO26,EGUT0CVS4,EG,2.5
2024-10-10T22:13:13.289Z,KO19,GEX7EEDTJ,GE,3.3
2024-10-14T03:01:32.142Z,KO26,OOZSJ49IT,OO,2.5
2024-11-06T11:07:47.323Z,KO08,EGC11ERTJ,EG,1.85
2024-12-21T15:04:33.808Z,NAO20,EGSEIMVIH,EG,6.25
2024-11-13T23:10:34.573Z,MO06,NOE1V2ISQ,NO,1.8
2024-11-27T22:34:32.014Z,EG40,GEJA1WJ0T,GE,2.8
2024-11-18T09:30:34.239Z,EG36,KOJDP0LVS,KO,2.5
2024-11-12T22:41:51.565Z,EG09,EGIGQPKI7,EG,0.9
2024-10-11T23:21:29.315Z,KO25,NAOBMYOFQE,NAO,0.7
2024-12-03T05:59:59.030Z,KO02,NOE1V2ISQ,NO,8.5
2024-12-12T09:41:40.953Z,NAO07,EGSEIMVIH,EG,10
2024-12-19T02:40:00.099Z,AM03,AMXAJI0Y6,AM,6.8
2024-12-10T10:16:04.293Z,AM18,NAOHL1N13J,NAO,1.2
2024-10-17T13:27:32.672Z,KO05,NOQLL8OS9,NO,4.8
2024-12-05T07:29:14.190Z,NAO37,NAONSM43D8,NAO,1.25
2024-11-26T20:13:50.506Z,EG48,NAONSM43D8,NAO,3.2
2024-12-11T17:24:39.283Z,OO17,NOE1V2ISQ,NO,4.7
2025-01-04T21:18:26.201Z,AM10,EGC11ERTJ,EG,13.1
2024-12-27T03:06:42.941Z,AM09,NAONSM43D8,NAO,13.1
2024-12-30T09:59:09.689Z,AM04,MOJCKJLTE,MO,1.6
2024-11-06T01:48:50.173Z,NAO19,NOX6GVWRD,NO,2.5
2024-11-13T07:17:30.976Z,NAO25,AMLJH75LX,AM,2.5
2024-11-03T03:26:44.607Z,NAO41,GEJA1WJ0T,GE,1.25
2025-01-02T11:53:38.596Z,KO03,AMNT3W5UZ,AM,2.05
2024-11-23T14:43:50.589Z,NAO23,KOWM31YIH,KO,6.25
2025-01-01T13:31:05.672Z,EG48,NOXFGCAQV,NO,0.6
2024-12-06T10:10:12.559Z,AM01,AMHJ7XVG0,AM,8.3
2024-12-16T07:31:33.400Z,EG25,NOQLL8OS9,NO,6.3
2024-11-17T13:11:55.046Z,EG65,NAOP0J43D5,NAO,0.5
2024-12-22T01:23:14.131Z,AM19,EGUT0CVS4,EG,1.7
2024-12-18T04:06:43.182Z,AM07,OO7PZE9VI,OO,8.6
2024-11-19T20:07:12.715Z,NO01,NOX6GVWRD,NO,2.7
2024-10-10T20:14:42.683Z,EG23,KOJDP0LVS,KO,3.5
2024-12-16T17:53:13.359Z,OO13,AMV3A3ZMF,AM,3.5
2024-10-16T04:29:57.786Z,NAO22,EG7UR23GD,EG,10
2024-11-20T02:24:17.644Z,EG69,OO3KKV9RF,OO,0.2
2024-12-20T12:19:33.183Z,EG12,EGF1T2TAL,EG,0.3
2024-10-28T17:21:09.749Z,KO16,MOJCKJLTE,MO,0.6
2024-10-10T13:45:07.158Z,EG07,AMLJH75LX,AM,4.5
2024-10-25T21:40:33.185Z,EG69,AMHJ7XVG0,AM,0.3
2024-11-21T13:27:04.533Z,KO02,AMH9SDBDW,AM,11.95
2024-10-11T18:24:16.158Z,EG35,AMLJH75LX,AM,0.7
2024-10-12T23:46:02.652Z,AM25,AMH9SDBDW,AM,6.8
2024-11-04T23:16:30.137Z,MO04,NAO5ZJA8DZ,NAO,7.4
2024-10-21T09:06:29.869Z,OO18,AMNT3W5UZ,AM,4.7
2024-12-12T22:24:55.318Z,NO10,GE5A0L725,GE,10.5
2024-10-19T02:45:44.351Z,AM27,AMLJH75LX,AM,0.6
2024-12-24T20:17:53.924Z,NO05,KOJDP0LVS,KO,3.25
2024-12-25T00:00:13.342Z,NAO26,NAOBMYOFQE,NAO,6.25
2025-01-05T09:12:38.942Z,KO13,NAO5UQPGB7,NAO,0.8
2024-10-19T14:55:18.314Z,NO07,EGF1T2TAL,EG,3.55
2024-11-25T10:41:33.688Z,NO05,EGYTJXEPQ,EG,8.2
2024-11-09T13:22:36.231Z,NO05,AMV3A3ZMF,AM,8.2
2024-12-20T11:38:26.048Z,EG10,NORCBPLJD,NO,2.3
2024-11-24T07:45:24.847Z,KO23,OOQ0OXFQ8,OO,1.3
2024-11-17T09:53:18.057Z,KO12,AMNT3W5UZ,AM,5
2024-12-06T12:55:31.360Z,EG67,EGUT0CVS4,EG,0.8
2024-11-25T23:00:01.710Z,OO24,GEL6246HI,GE,1
2024-12-30T01:05:13.228Z,OO01,NAOLY8OZCY,NAO,1.6
2024-12-06T13:26:09.048Z,EG66,OO7PZE9VI,OO,0.8
2024-12-24T09:09:00.105Z,KO16,GEL6246HI,GE,0.6
2024-11-08T11:21:42.823Z,KO22,NAOLY8OZCY,NAO,0.65
2024-10-26T22:19:17.433Z,MO10,NOXFGCAQV,NO,9.6
2024-10-29T23:15:55.777Z,NO18,EGRHOCN9J,EG,3.45
2024-10-24T15:54:42.504Z,NAO30,GEL6246HI,GE,6.25
2024-11-28T14:23:26.612Z,NAO27,GEL6246HI,GE,10
2024-10-11T02:46:59.715Z,AM30,NOX6GVWRD,NO,9.6
2024-12-13T22:42:44.457Z,MO04,AMV3A3ZMF,AM,7.4
2024-11-12T01:21:34.454Z,MO15,MOJCKJLTE,MO,1.3
2025-01-03T05:27:17.470Z,NO10,EGIGQPKI7,EG,14.7
